รายได้ครอบครัว,หลักสูตรที่เข้าศึกษา,จัดการเรียนการสอนที่ศูนย์แม่ริม,ระดับรายได้,target,ปัจจัยสถาบันการศึกษา(avg),ปัจจัยด้านโปรแกรมการศึกษา/หลักสูตร(avg),ปัจจัยในการตัดสินใจ(avg),ปัจจัยด้านเหตุผลส่วนตัว(avg),ปัจจัยด้านสื่อและการประชาสัมพันธ์(avg)
"ไม่เกิน 10,000",สถิติประยุกต์ แขนงวิชาวิทยาการข้อมูลเชิงสถิติ,,1,1,3.8333333333333335,4.333333333333333,3.75,2.8,4.0
"10,001-20,000",วิทยาการคอมพิวเตอร์,,2,1,3.8333333333333335,3.8333333333333335,2.75,3.4,2.8
"ไม่เกิน 10,000",เทคโนโลยีเว็บ,ไม่สะดวก/ไม่ยินดีในการศึกษาต่อ เนื่องจาก ไกลที่อยู่อาศัยปัจจุบัน,1,1,4.5,4.666666666666667,4.0,4.2,5.0
"20,001-30,000",เทคโนโลยีสารสนเทศ,ยินดี/พร้อมไปเรียนต่อที่ศูนย์แม่ริม,3,0,4.833333333333333,4.5,3.75,3.6,3.8
"10,001-20,000",เทคโนโลยีสารสนเทศ,ไม่สะดวก/ไม่ยินดีในการศึกษาต่อ เนื่องจาก ไกลที่อยู่ปัจจุบัน  แต่สามารถเดินทางไปเรียนได้ปัจจุบัน,2,1,2.6666666666666665,4.5,1.75,2.0,3.0
"10,001-20,000",เทคโนโลยีสารสนเทศ,ไม่สะดวก/ไม่ยินดีในการศึกษาต่อ เนื่องจาก ไกล เดินทางลำบากและค่าใช้จ่ายที่เพิ่มขึ้นในอนาคตหากมีแต่การสอนที่แม่ริม,2,1,2.8333333333333335,3.8333333333333335,2.75,2.2,3.2
"ไม่เกิน 10,000",เทคโนโลยีสารสนเทศ,ยินดี/พร้อมไปเรียนต่อที่ศูนย์แม่ริม,1,0,3.8333333333333335,4.5,3.5,3.6,3.0
"10,001-20,000",เทคโนโลยีสารสนเทศ,ยินดี/พร้อมไปเรียนต่อที่ศูนย์แม่ริม,2,0,3.5,3.8333333333333335,3.0,3.4,4.0
"10,001-20,000",เทคโนโลยีสารสนเทศ,ยินดี/พร้อมไปเรียนต่อที่ศูนย์แม่ริม,2,0,3.3333333333333335,3.3333333333333335,3.5,2.8,3.2
"ไม่เกิน 10,000",ชีววิทยา,ยินดี/พร้อมไปเรียนต่อที่ศูนย์แม่ริม,1,0,3.6666666666666665,4.166666666666667,2.25,4.0,3.0
"30,001 ขึ้นไป",ชีววิทยา,ไม่สะดวก/ไม่ยินดีในการศึกษาต่อ เนื่องจาก ไม่มีที่พัก  ไม่สะดวกในการเดินทาง,4,1,4.166666666666667,4.166666666666667,3.75,3.6,3.4
"10,001-20,000",ชีววิทยา,ยินดี/พร้อมไปเรียนต่อที่ศูนย์แม่ริม,2,0,3.3333333333333335,3.3333333333333335,3.0,3.8,3.0
"30,001 ขึ้นไป",ชีววิทยา,ยินดี/พร้อมไปเรียนต่อที่ศูนย์แม่ริม  ข้อเสนอแนะ  เรื่องของการเดินทางไปศูนย์แม่ริมเพราะบางคนมีหออยู่ในตัวเมือง,4,0,4.0,4.5,3.5,2.4,3.2
"10,001-20,000",ชีววิทยา,ยินดี/พร้อมไปเรียนต่อที่ศูนย์แม่ริม,2,0,3.6666666666666665,3.0,3.5,1.6,3.6
"ไม่เกิน 10,000",ชีววิทยา,ไม่สะดวก/ไม่ยินดีในการศึกษาต่อ เนื่องจาก ศูนย์แม่ริมอยู่ไกลจากบ้านมาก ไม่สามารถขอทุนอยู่หอได้ พิจารณาใช้เวลาและเงินมากขึ้นในการเดินทาง,1,1,2.3333333333333335,3.3333333333333335,3.0,1.0,1.0
"10,001-20,000",วิทยาศาสตร์และเทคโนโลยีสิ่งแวดล้อม,ยินดี/พร้อมไปเรียนต่อที่ศูนย์แม่ริม,2,0,4.0,3.6666666666666665,3.0,4.0,3.2
"30,001 ขึ้นไป",วิทยาศาสตร์และเทคโนโลยีสิ่งแวดล้อม,ยินดี/พร้อมไปเรียนต่อที่ศูนย์แม่ริม,4,0,3.5,3.5,3.5,3.4,3.4
"ไม่เกิน 10,000",วิทยาศาสตร์และสิ่งแวดล้อม,ไม่สะดวก/ไม่ยินดีในการศึกษาต่อ เนื่องจาก ไกลจากที่พัก,1,1,4.333333333333333,3.6666666666666665,3.25,2.4,3.8
"10,001-20,000",เทคโนโลยีวิศวกรรมก่อสร้าง,ยินดี/พร้อมไปเรียนต่อที่ศูนย์แม่ริม  ข้อเสนอแนะ  แจ้งล่วงหน้าก่อน  ไกลมาก,2,0,3.5,4.5,4.0,3.6,4.2
"ไม่เกิน 10,000",เทคโนโลยีวิศวกรรมก่อสร้าง,ยินดี/พร้อมไปเรียนต่อที่ศูนย์แม่ริม,1,0,4.833333333333333,4.666666666666667,4.0,4.6,4.2
"30,001 ขึ้นไป",เทคโนโลยีวิศวกรรมก่อสร้าง,ยินดี/พร้อมไปเรียนต่อที่ศูนย์แม่ริม,4,0,3.5,3.8333333333333335,3.5,3.2,3.8
"10,001-20,000",เทคโนโลยีวิศวกรรมก่อสร้าง,ยินดี/พร้อมไปเรียนต่อที่ศูนย์แม่ริม,2,0,4.166666666666667,4.666666666666667,4.5,3.0,4.6
"10,001-20,000",เทคโนโลยีวิศวกรรมก่อสร้าง,ยินดี/พร้อมไปเรียนต่อที่ศูนย์แม่ริม,2,0,3.3333333333333335,4.166666666666667,3.75,3.2,4.4
"10,001-20,000",เทคโนโลยีวิศวกรรมก่อสร้าง,ยินดี/พร้อมไปเรียนต่อที่ศูนย์แม่ริม,2,0,3.8333333333333335,3.8333333333333335,3.0,2.0,3.6
"30,001 ขึ้นไป",เทคโนโลยีวิศวกรรมก่อสร้าง,ยินดี/พร้อมไปเรียนต่อที่ศูนย์แม่ริม,4,0,4.5,4.666666666666667,4.25,4.6,4.6
0,เทคโนโลยีวิศวกรรมก่อสร้าง,ยินดี/พร้อมไปเรียนต่อที่ศูนย์แม่ริม,0,0,4.166666666666667,4.0,3.75,3.6,3.0
"10,001-20,000",เทคโนโลยีวิศวกรรมก่อสร้าง,ยินดี/พร้อมไปเรียนต่อที่ศูนย์แม่ริม,2,0,4.0,4.0,4.0,4.0,4.0
"ไม่เกิน 10,000",เทคโนโลยีวิศวกรรมก่อสร้าง,ยินดี/พร้อมไปเรียนต่อที่ศูนย์แม่ริม,1,0,4.5,4.5,4.25,2.6,4.0
"30,001 ขึ้นไป",เทคโนโลยีวิศวกรรมก่อสร้าง,ไม่สะดวก/ไม่ยินดีในการศึกษาต่อ เนื่องจาก ไกล                          ข้อเสนอแนะ  มีรถรับส่งด้วย,4,1,3.0,3.0,3.0,2.4,3.0
"10,001-20,000",อาชีวอนามัยและความปลอดภัย,ยินดี/พร้อมไปเรียนต่อที่ศูนย์แม่ริม,2,0,4.333333333333333,5.0,4.0,3.8,4.8
"ไม่เกิน 10,000",อาชีวอนามัยและความปลอดภัย,ยินดี/พร้อมไปเรียนต่อที่ศูนย์แม่ริม  ข้อเสนอแนะ  มีการอนุญาตให้ใช้รถจักรยานยนต์ส่วนตัว,1,0,4.166666666666667,4.0,3.5,3.2,3.2
"20,001-30,000",อาชีวอนามัยและความปลอดภัย,ยินดี/พร้อมไปเรียนต่อที่ศูนย์แม่ริม,3,0,4.166666666666667,3.6666666666666665,3.5,4.0,3.6
"ไม่เกิน 10,000",อาชีวอนามัยและความปลอดภัย,,1,1,3.6666666666666665,3.6666666666666665,3.0,2.6,3.4
"ไม่เกิน 10,000",อาชีวอนามัยและความปลอดภัย,ยินดี/พร้อมไปเรียนต่อที่ศูนย์แม่ริม,1,0,4.5,4.166666666666667,3.75,3.8,5.0
"10,001-20,000",อาชีวอนามัยและความปลอดภัย,ข้อเสนอแนะ  อาจจะไปแค่บางช่วงดีกว่า,2,1,4.166666666666667,4.0,5.0,3.4,4.0
"ไม่เกิน 10,000",อาชีวอนามัยและความปลอดภัย,ยินดี/พร้อมไปเรียนต่อที่ศูนย์แม่ริม,1,0,3.6666666666666665,3.8333333333333335,3.25,3.8,4.0
"10,001-20,000",อาชีวอนามัยและความปลอดภัย,ยินดี/พร้อมไปเรียนต่อที่ศูนย์แม่ริม  ข้อเสนอแนะ  อยากมีบริการรับส่ง,2,0,3.3333333333333335,4.833333333333333,3.25,2.6,4.0
"10,001-20,000",อาชีวอนามัยและความปลอดภัย,ยินดี/พร้อมไปเรียนต่อที่ศูนย์แม่ริม,2,0,4.0,3.6666666666666665,3.5,3.4,4.0
"ไม่เกิน 10,000",เทคโนโลยีวิศวกรรมก่อสร้าง,ยินดี/พร้อมไปเรียนต่อที่ศูนย์แม่ริม,1,0,3.3333333333333335,3.5,3.25,3.4,3.4
"ไม่เกิน 10,000",เทคโนโลยีวิศวกรรมก่อสร้าง,ยินดี/พร้อมไปเรียนต่อที่ศูนย์แม่ริม  ข้อเสนอแนะ  รถรับส่งฟรี,1,0,4.333333333333333,4.666666666666667,3.75,4.2,4.2
"30,001 ขึ้นไป",เทคโนโลยีวิศวกรรมก่อสร้าง,ยินดี/พร้อมไปเรียนต่อที่ศูนย์แม่ริม,4,0,3.6666666666666665,4.5,5.0,2.6,3.2
"20,001-30,000 ",เทคโนโลยีวิศวกรรมก่อสร้าง,ยินดี/พร้อมไปเรียนต่อที่ศูนย์แม่ริม,3,0,3.6666666666666665,4.0,3.25,4.0,3.8
"ไม่เกิน 10,000",เทคโนโลยีวิศวกรรมก่อสร้าง,ยินดี/พร้อมไปเรียนต่อที่ศูนย์แม่ริม,1,0,4.166666666666667,4.333333333333333,4.25,4.2,4.6
"10,001-20,000",เทคโนโลยีวิศวกรรมก่อสร้าง,"ยินดี/พร้อมไปเรียนต่อที่ศูนย์แม่ริม 
ข้อเสนอแนะ มีค่าใช้จ่ายการเดินสูงมาก",2,0,3.6666666666666665,4.0,3.5,3.6,3.8
"10,001-20,000",เทคโนโลยีวิศวกรรมก่อสร้าง,"ไม่สะดวก/ไม่ยินดีในการศึกษาต่อ เนื่องจาก ไกล จากหอพัก
ข้อเสนอแนะ รถรับส่งฟรี",2,1,2.8333333333333335,2.8333333333333335,2.75,2.4,3.0
"10,001-20,000",เทคโนโลยีวิศวกรรมก่อสร้าง,"ไม่สะดวก/ไม่ยินดีในการศึกษาต่อ เนื่องจาก ไกล จากหอพัก
ข้อเสนอแนะ รถรับส่งฟรี",2,1,3.1666666666666665,4.0,2.0,2.2,3.2
"30,001 ขึ้นไป",เทคโนโลยีวิศวกรรมก่อสร้าง,ไม่สะดวก/ไม่ยินดีในการศึกษาต่อ เนื่องจาก ทำงานในเมือง เสียเวลาทำงาน โดนหักเงินเดือน เพราะต้องเดินทางไกล,4,1,4.5,4.166666666666667,3.25,4.4,4.2
"10,001-20,000",เทคโนโลยีวิศวกรรมก่อสร้าง,ไม่สะดวก/ไม่ยินดีในการศึกษาต่อ เนื่องจาก ไกล,2,1,2.8333333333333335,3.3333333333333335,2.25,3.2,3.0
"10,001-20,000",เทคโนโลยีสถาปัตยกรรม,"ยินดี/พร้อมไปเรียนต่อที่ศูนย์แม่ริม 
ข้อเสนอแนะ คณะสถาปัตยกรรมเรียนที่ศูนย์แม่ริม ซึ่งห่างไกลจากตัวเมือง ควรมีบริการหอพักนักศึกษา ทั้ง 4 ปี และเทียบโอน",2,0,1.5,2.3333333333333335,1.25,1.2,1.8
"20,001-30,000 ",เทคโนโลยีสถาปัตยกรรม,ยินดี/พร้อมไปเรียนต่อที่ศูนย์แม่ริม,3,0,4.0,4.0,2.25,2.6,4.2
"ไม่เกิน 10,000",เทคโนโลยีสถาปัตยกรรม,ยินดี/พร้อมไปเรียนต่อที่ศูนย์แม่ริม,1,0,3.1666666666666665,4.0,3.0,3.0,3.0
"ไม่เกิน 10,000",เทคโนโลยีสถาปัตยกรรม,ยินดี/พร้อมไปเรียนต่อที่ศูนย์แม่ริม,1,0,3.3333333333333335,3.6666666666666665,3.25,3.4,3.4
"20,001-30,000 ",เทคโนโลยีสถาปัตยกรรม,ยินดี/พร้อมไปเรียนต่อที่ศูนย์แม่ริม,3,0,4.0,4.333333333333333,4.25,4.0,4.4
"20,001-30,000 ",เทคโนโลยีสถาปัตยกรรม,ยินดี/พร้อมไปเรียนต่อที่ศูนย์แม่ริม,3,0,4.0,4.0,4.0,4.0,4.0
"10,001-20,000",เทคโนโลยีสถาปัตยกรรม,ยินดี/พร้อมไปเรียนต่อที่ศูนย์แม่ริม,2,0,4.166666666666667,3.6666666666666665,4.25,1.8,3.2
"10,001-20,000",เทคโนโลยีสถาปัตยกรรม,ยินดี/พร้อมไปเรียนต่อที่ศูนย์แม่ริม,2,0,4.666666666666667,4.833333333333333,2.75,2.6,3.6
"ไม่เกิน 10,000",เทคโนโลยีสถาปัตยกรรม,ยินดี/พร้อมไปเรียนต่อที่ศูนย์แม่ริม,1,0,3.8333333333333335,4.0,3.75,3.4,4.6
"10,001-20,000",เทคโนโลยีสถาปัตยกรรม,ยินดี/พร้อมไปเรียนต่อที่ศูนย์แม่ริม,2,0,4.0,4.166666666666667,4.0,1.8,4.0
"10,001-20,000",เทคโนโลยีสถาปัตยกรรม,ยินดี/พร้อมไปเรียนต่อที่ศูนย์แม่ริม,2,0,3.8333333333333335,4.0,3.5,3.2,3.6
"ไม่เกิน 10,000",เทคโนโลยีสถาปัตยกรรม,ยินดี/พร้อมไปเรียนต่อที่ศูนย์แม่ริม,1,0,3.5,3.0,1.5,2.8,3.0
"ไม่เกิน 10,000",เทคโนโลยีสถาปัตยกรรม,ยินดี/พร้อมไปเรียนต่อที่ศูนย์แม่ริม,1,0,3.5,3.0,1.5,2.8,3.0
"ไม่เกิน 10,000",อาชีวอนามัยและความปลอดภัย,ยินดี/พร้อมไปเรียนต่อที่ศูนย์แม่ริม,1,0,4.5,3.3333333333333335,4.75,4.0,2.8
"20,001-30,000 ",อาชีวอนามัยและความปลอดภัย,ยินดี/พร้อมไปเรียนต่อที่ศูนย์แม่ริม,3,0,4.0,4.0,4.0,2.0,4.0
"10,001-20,000",อาชีวอนามัยและความปลอดภัย,ยินดี/พร้อมไปเรียนต่อที่ศูนย์แม่ริม,2,0,4.0,4.0,4.0,4.0,4.0
"10,001-20,000",เทคโนโลยีสถาปัตยกรรม,ยินดี/พร้อมไปเรียนต่อที่ศูนย์แม่ริม,2,0,3.0,3.0,3.0,3.0,3.0
"ไม่เกิน 10,000",เทคโนโลยีสถาปัตยกรรม,ยินดี/พร้อมไปเรียนต่อที่ศูนย์แม่ริม,1,0,3.5,3.8333333333333335,2.5,2.2,3.6
"10,001-20,000",เทคโนโลยีสถาปัตยกรรม,ยินดี/พร้อมไปเรียนต่อที่ศูนย์แม่ริม,2,0,4.0,4.0,4.0,4.0,4.0
"10,001-20,000",เทคโนโลยีสถาปัตยกรรม,ยินดี/พร้อมไปเรียนต่อที่ศูนย์แม่ริม,2,0,4.5,3.6666666666666665,4.75,4.6,3.8
"20,001-30,000 ",เทคโนโลยีสถาปัตยกรรม,ยินดี/พร้อมไปเรียนต่อที่ศูนย์แม่ริม,3,0,3.1666666666666665,3.3333333333333335,3.25,3.6,4.2
"10,001-20,000",เทคโนโลยีสถาปัตยกรรม,ไม่สะดวก/ไม่ยินดีในการศึกษาต่อ เนื่องจาก การเดินทางลำบาก,2,1,2.8333333333333335,3.3333333333333335,3.75,2.4,3.2
"30,001 ขึ้นไป",เทคโนโลยีสถาปัตยกรรม,ยินดี/พร้อมไปเรียนต่อที่ศูนย์แม่ริม,4,0,4.0,3.8333333333333335,3.75,4.4,3.6
"ไม่เกิน 10,000",เทคโนโลยีสถาปัตยกรรม,,1,1,4.333333333333333,4.666666666666667,3.75,4.0,4.4
"10,001-20,000",         คหกรรมศาสตร์                 (อาหารและโภชนาการ),ยินดี/พร้อมไปเรียนต่อที่ศูนย์แม่ริม,2,0,3.0,3.6666666666666665,2.25,2.4,2.6
"ไม่เกิน 10,000",         คหกรรมศาสตร์                 (อาหารและโภชนาการ),ยินดี/พร้อมไปเรียนต่อที่ศูนย์แม่ริม,1,0,3.1666666666666665,4.0,3.25,4.6,3.8
"ไม่เกิน 10,000",        คหกรรมศาสตร์           (การออกแบบแฟชั่นและสิ่งทอ),ยินดี/พร้อมไปเรียนต่อที่ศูนย์แม่ริมข้อเสนอแนะ อยากให้ทางมหาวิทยาลัยจัดรถประจำทางให้นักศึกษา,1,0,3.8333333333333335,4.333333333333333,3.75,3.8,4.2
"20,001-30,000 ",         คหกรรมศาสตร์                 (อาหารและโภชนาการ),ยินดี/พร้อมไปเรียนต่อที่ศูนย์แม่ริม,3,0,3.8333333333333335,4.0,3.25,3.2,3.6
"ไม่เกิน 10,000",         คหกรรมศาสตร์                 (อาหารและโภชนาการ),ยินดี/พร้อมไปเรียนต่อที่ศูนย์แม่ริม,1,0,4.166666666666667,4.166666666666667,3.5,3.8,3.4
"ไม่เกิน 10,000",         คหกรรมศาสตร์                 (อาหารและโภชนาการ),ยินดี/พร้อมไปเรียนต่อที่ศูนย์แม่ริม,1,0,4.0,4.0,3.25,3.6,4.6
"ไม่เกิน 10,000",เทคโนโลยีสารสนเทศ,ยินดี/พร้อมไปเรียนต่อที่ศูนย์แม่ริมข้อเสนอแนะ ไม่สะดวกเพราะไกล  แต่ก็จำเป็นต้องไป,1,0,4.333333333333333,4.166666666666667,5.0,2.4,3.2
"ไม่เกิน 10,000",เทคโนโลยีสารสนเทศ,ยินดี/พร้อมไปเรียนต่อที่ศูนย์แม่ริม,1,0,4.166666666666667,4.333333333333333,5.0,3.0,4.0
"ไม่เกิน 10,000",เทคโนโลยีสารสนเทศ,ไม่สะดวก/ไม่ยินดีในการศึกษาต่อ เนื่องจาก การเดินทาง,1,1,3.8333333333333335,4.5,3.5,2.8,4.4
"ไม่เกิน 10,000",เทคโนโลยีสารสนเทศ,ข้อเสนอแนะ ไม่สะดวก  ห่างไกลเมือง,1,1,3.3333333333333335,3.3333333333333335,2.75,3.4,3.4
"10,001-20,000",เทคโนโลยีสารสนเทศ,ยินดี/พร้อมไปเรียนต่อที่ศูนย์แม่ริม,2,0,3.8333333333333335,4.333333333333333,3.25,1.8,2.8
"10,001-20,000",เทคโนโลยีสารสนเทศ,ยินดี/พร้อมไปเรียนต่อที่ศูนย์แม่ริม,2,0,4.166666666666667,4.333333333333333,3.5,3.8,4.0
"20,001-30,000 ",สถิติประยุกต์ แขนงวิชาวิทยาการข้อมูลเชิงสถิติ,ยินดี/พร้อมไปเรียนต่อที่ศูนย์แม่ริม,3,0,4.0,4.333333333333333,4.0,3.2,3.6
"ไม่เกิน 10,000",สถิติประยุกต์ แขนงวิชาวิทยาการข้อมูลเชิงสถิติ,ยินดี/พร้อมไปเรียนต่อที่ศูนย์แม่ริม,1,0,3.5,4.0,3.75,2.8,3.8
"ไม่เกิน 10,000",สถิติประยุกต์ แขนงวิชาวิทยาการข้อมูลเชิงสถิติ,ยินดี/พร้อมไปเรียนต่อที่ศูนย์แม่ริม,1,0,3.8333333333333335,4.333333333333333,3.25,3.0,4.0
"20,001-30,000 ",สถิติประยุกต์ แขนงวิชาวิทยาการข้อมูลเชิงสถิติ,ไม่สะดวก/ไม่ยินดีในการศึกษาต่อ เนื่องจาก ,3,1,4.666666666666667,4.666666666666667,4.5,4.8,4.6
"30,001 ขึ้นไป",เทคโนโลยีสารสนเทศ,ไม่สะดวก/ไม่ยินดีในการศึกษาต่อ เนื่องจาก ชนบทเกิน,4,1,3.5,3.1666666666666665,3.25,2.0,3.8
"ไม่เกิน 10,000",การออกแบบผลิตภัณฑ์,ไม่สะดวก/ไม่ยินดีในการศึกษาต่อ เนื่องจาก มีหลายๆอย่างที่ไม่พร้อม,1,1,3.1666666666666665,3.0,2.25,2.4,3.0
0,การออกแบบผลิตภัณฑ์,ไม่สะดวก/ไม่ยินดีในการศึกษาต่อ เนื่องจาก เพิ่มค่าใช้จ่าย,0,1,3.6666666666666665,3.8333333333333335,3.25,3.4,3.8
"ไม่เกิน 10,000",การออกแบบผลิตภัณฑ์,ไม่สะดวก/ไม่ยินดีในการศึกษาต่อ เนื่องจาก เพิ่มค่าใช้จ่าย,1,1,4.0,4.0,4.0,2.0,3.2
"ไม่เกิน 10,000",อาชีวอนามัยและความปลอดภัย,ยินดี/พร้อมไปเรียนต่อที่ศูนย์แม่ริม,1,0,4.333333333333333,4.0,3.5,3.2,4.2
"10,001-20,000",อาชีวอนามัยและความปลอดภัย,ยินดี/พร้อมไปเรียนต่อที่ศูนย์แม่ริม,2,0,3.1666666666666665,3.8333333333333335,3.0,2.4,3.4
"30,001 ขึ้นไป",อาชีวอนามัยและความปลอดภัย,ยินดี/พร้อมไปเรียนต่อที่ศูนย์แม่ริม,4,0,3.3333333333333335,4.166666666666667,4.25,4.4,4.6
"ไม่เกิน 10,000",อาชีวอนามัยและความปลอดภัย,ยินดี/พร้อมไปเรียนต่อที่ศูนย์แม่ริม,1,0,4.0,4.0,4.0,2.2,4.0
"ไม่เกิน 10,000",อาชีวอนามัยและความปลอดภัย,ยินดี/พร้อมไปเรียนต่อที่ศูนย์แม่ริม,1,0,4.166666666666667,4.166666666666667,4.0,2.8,3.4
"ไม่เกิน 10,000",วิทยาการคอมพิวเตอร์,ยินดี/พร้อมไปเรียนต่อที่ศูนย์แม่ริม,1,0,3.6666666666666665,3.8333333333333335,3.75,3.2,4.0
"20,001-30,000 ",วิทยาการคอมพิวเตอร์,"ไม่สะดวก/ไม่ยินดีในการศึกษาต่อ เนื่องจาก เดินทางไม่สะดวก
ข้อเสนอแนะ หอในสถานศึกษา",3,1,3.0,4.333333333333333,4.0,2.2,3.2
"ไม่เกิน 10,000",เทคโนโลยีเว็บ,ไม่สะดวก/ไม่ยินดีในการศึกษาต่อ เนื่องจาก อยู่ไกลบ้าน,1,1,3.8333333333333335,4.333333333333333,4.0,4.2,4.6
"ไม่เกิน 10,000",เทคโนโลยีเว็บ,ยินดี/พร้อมไปเรียนต่อที่ศูนย์แม่ริมข้อเสนอแนะ หาหอพักให้นักศึกษาด้วย,1,0,5.0,5.0,3.75,4.4,4.4
"ไม่เกิน 10,000",เทคโนโลยีเว็บ,ยินดี/พร้อมไปเรียนต่อที่ศูนย์แม่ริม,1,0,4.0,4.0,4.0,4.0,4.0
"10,001-20,000",เทคโนโลยีเว็บ,ยินดี/พร้อมไปเรียนต่อที่ศูนย์แม่ริม,2,0,3.0,3.0,1.75,1.6,2.8
"10,001-20,000",เทคโนโลยีเว็บ,ยินดี/พร้อมไปเรียนต่อที่ศูนย์แม่ริมข้อเสนอแนะ  หอนอกราคาแพงและอยู่ไกลจากที่เรียน สำหรับนักศึกษาที่ไม่มีรถส่วนตัวเดินทางค่อนข้างลำบาก,2,0,3.8333333333333335,4.0,4.25,3.0,1.8
"20,001-30,000 ",เทคโนโลยีเว็บ,ยินดี/พร้อมไปเรียนต่อที่ศูนย์แม่ริม,3,0,4.0,4.166666666666667,1.5,4.0,4.2
"10,001-20,000",เทคโนโลยีเว็บ,ไม่สะดวก/ไม่ยินดีในการศึกษาต่อ เนื่องจาก ไกลที่ปัจจุบัน ได้เสียค่าที่อยู่ใหม่ ไกลเมือง,2,1,2.8333333333333335,3.1666666666666665,2.25,2.0,2.4
"ไม่เกิน 10,000",วิทยาการคอมพิวเตอร์,ไม่สะดวก/ไม่ยินดีในการศึกษาต่อ เนื่องจาก ไกล,1,1,5.0,5.0,5.0,5.0,5.0
"ไม่เกิน 10,000",วิทยาการคอมพิวเตอร์,ยินดี/พร้อมไปเรียนต่อที่ศูนย์แม่ริม,1,0,3.1666666666666665,3.6666666666666665,3.0,3.2,3.0
"10,001-20,000",วิทยาการคอมพิวเตอร์,ยินดี/พร้อมไปเรียนต่อที่ศูนย์แม่ริม,2,0,4.166666666666667,4.833333333333333,3.0,3.0,5.0
"10,001-20,000",วิทยาการคอมพิวเตอร์,ยินดี/พร้อมไปเรียนต่อที่ศูนย์แม่ริม,2,0,3.1666666666666665,3.0,2.25,3.0,3.0
"20,001-30,000 ",วิทยาการคอมพิวเตอร์,ไม่สะดวก/ไม่ยินดีในการศึกษาต่อ เนื่องจาก อยู่ไกลจากที่พัก,3,1,3.1666666666666665,3.8333333333333335,3.25,2.2,3.0
"30,001 ขึ้นไป",วิทยาการคอมพิวเตอร์,ยินดี/พร้อมไปเรียนต่อที่ศูนย์แม่ริม,4,0,3.3333333333333335,4.166666666666667,3.75,2.6,3.4
"20,001-30,000 ",วิทยาการคอมพิวเตอร์,ยินดี/พร้อมไปเรียนต่อที่ศูนย์แม่ริม,3,0,3.8333333333333335,4.0,3.75,3.0,4.0
"10,001-20,000",วิทยาการคอมพิวเตอร์,ยินดี/พร้อมไปเรียนต่อที่ศูนย์แม่ริม,2,0,3.3333333333333335,3.8333333333333335,3.5,3.2,2.8
"10,001-20,000",วิทยาการคอมพิวเตอร์,ไม่สะดวก/ไม่ยินดีในการศึกษาต่อ เนื่องจาก ไกลจากที่พักอาศัย,2,1,3.8333333333333335,4.0,3.75,3.6,4.0
"ไม่เกิน 10,000",วิทยาการคอมพิวเตอร์,ยินดี/พร้อมไปเรียนต่อที่ศูนย์แม่ริมข้อเสนอแนะ  คิดว่าเมื่อต้อง้ายหลักสูตรไปมหาวิทยาลัยควรเตรียมความพร้อมให้พร้อมในการใช้งานจริงให้ได้,1,0,3.5,3.8333333333333335,3.75,3.4,3.4
"10,001-20,000",เทคโนโลยีสารสนเทศ,ยินดี/พร้อมไปเรียนต่อที่ศูนย์แม่ริม,2,0,3.5,3.5,3.5,3.2,3.4
"30,001 ขึ้นไป",เทคโนโลยีสารสนเทศ,ยินดี/พร้อมไปเรียนต่อที่ศูนย์แม่ริม,4,0,3.3333333333333335,3.5,2.75,4.0,3.8
"20,001-30,000 ",         คหกรรมศาสตร์                 (อาหารและโภชนาการ),ยินดี/พร้อมไปเรียนต่อที่ศูนย์แม่ริม,3,0,3.1666666666666665,3.0,2.5,3.0,3.0
"ไม่เกิน 10,000",วิทยาการคอมพิวเตอร์,ไม่สะดวก/ไม่ยินดีในการศึกษาต่อ เนื่องจาก ,1,1,4.833333333333333,4.5,5.0,5.0,4.8
"ไม่เกิน 10,000",วิทยาการคอมพิวเตอร์,ยินดี/พร้อมไปเรียนต่อที่ศูนย์แม่ริม,1,0,4.0,4.166666666666667,4.25,4.4,4.2
"20,001-30,000 ",วิทยาการคอมพิวเตอร์,ยินดี/พร้อมไปเรียนต่อที่ศูนย์แม่ริม,3,0,4.333333333333333,4.166666666666667,3.0,3.4,3.4
"30,001 ขึ้นไป",         คหกรรมศาสตร์                 (อาหารและโภชนาการ),ยินดี/พร้อมไปเรียนต่อที่ศูนย์แม่ริม,4,0,4.5,4.333333333333333,3.75,3.4,3.6
"10,001-20,000",วิทยาการคอมพิวเตอร์,ไม่สะดวก/ไม่ยินดีในการศึกษาต่อ เนื่องจาก  ระยะทางไกล,2,1,3.8333333333333335,4.166666666666667,3.5,3.4,4.2
"10,001-20,000",วิทยาการคอมพิวเตอร์,ไม่สะดวก/ไม่ยินดีในการศึกษาต่อ เนื่องจาก  ระยะทางไกล,2,1,3.1666666666666665,4.0,3.75,1.6,3.4
"10,001-20,000",วิทยาการคอมพิวเตอร์,ยินดี/พร้อมไปเรียนต่อที่ศูนย์แม่ริม,2,0,4.333333333333333,4.166666666666667,5.0,2.6,3.0
"30,001 ขึ้นไป",ชีววิทยา,ไม่สะดวก/ไม่ยินดีในการศึกษาต่อ เนื่องจาก  คิดว่ายากต่อการใช้ชีวิต   ด้วยความที่อยู่นอกเมือง คิดว่าอาจะลำบาก,4,1,3.6666666666666665,4.166666666666667,4.75,4.6,4.4
"10,001-20,000",ชีววิทยา,"ไม่สะดวก/ไม่ยินดีในการศึกษาต่อ เนื่องจาก อยู่ไกลจากตัวเมืองและต้องย้ายหอพัก เพิ่มภาระผู้ปกครอง
ข้อเสนอแนะ แม่ริมอยู่นอกตัวเมือง มีความสะดวกสบายเรื่องการขนส่งสาธารณะน้อย  แถมยังมีระยะทางที่ไกล ภายในมหาวิทยาลัยไม่ค่อยมีความพร้อม ( ไปดูมาแล้ว ) มีร้านค้า  หอักต่าง ๆ น้อย  รวมถึงตลาดน้อยมากไม่เพียงพอจะรองรับนักศึกษาทั้งมหาวิทยาลัยขนาดนั้น  ขอให้คิดอีทีให้ถี่ถ้วน  อาจจะมีผลดีแต่ผลเสียมากกว่า",2,1,3.5,3.1666666666666665,3.75,2.0,3.6
"10,001-20,000",ชีววิทยา,ยินดี/พร้อมไปเรียนต่อที่ศูนย์แม่ริม,2,0,4.333333333333333,4.5,3.5,2.6,4.8
"10,001-20,000",ชีววิทยา,ยินดี/พร้อมไปเรียนต่อที่ศูนย์แม่ริม,2,0,3.1666666666666665,4.833333333333333,5.0,1.8,2.4
"10,001-20,000",ชีววิทยา,ยินดี/พร้อมไปเรียนต่อที่ศูนย์แม่ริม,2,0,4.0,4.0,4.0,4.0,4.0
"ไม่เกิน 10,000",วิทยาการคอมพิวเตอร์,ยินดี/พร้อมไปเรียนต่อที่ศูนย์แม่ริม,1,0,3.3333333333333335,4.0,3.0,2.6,2.8
"30,001 ขึ้นไป",เทคโนโลยีวิศวกรรมก่อสร้าง,"ไม่สะดวก/ไม่ยินดีในการศึกษาต่อ เนื่องจาก  ไกลจากตัวเมือง  เดินทางไม่สะดวก  ที่พักอาศัย
ข้อเสนอแนะ ย้ายไปเมื่อพร้อม         ( บางตึกยังสร้างไม่เสร็จ )",4,1,4.0,4.0,4.0,2.2,4.0
"10,001-20,000",เทคโนโลยีวิศวกรรมก่อสร้าง,"ไม่สะดวก/ไม่ยินดีในการศึกษาต่อ เนื่องจาก  ไกลจากตัวเมือง ที่พักหายาก การเดินทางค่อนข้างไกลจากตัวเมือง
ข้อเสนอแนะ ย้ายไปเมื่อพร้อม          บางตึกยังสร้างไม่เสร็จ ",2,1,4.0,4.0,4.0,2.2,4.0
"10,001-20,000",เทคโนโลยีวิศวกรรมก่อสร้าง,ยินดี/พร้อมไปเรียนต่อที่ศูนย์แม่ริม,2,0,3.1666666666666665,3.3333333333333335,2.75,2.8,2.8
"10,001-20,000",วิทยาการคอมพิวเตอร์,ยินดี/พร้อมไปเรียนต่อที่ศูนย์แม่ริม,2,0,3.5,3.8333333333333335,3.0,3.0,3.6
"ไม่เกิน 10,000",วิทยาการคอมพิวเตอร์,ยินดี/พร้อมไปเรียนต่อที่ศูนย์แม่ริม,1,0,4.5,4.333333333333333,2.0,3.0,3.0
"20,001-30,000 ",วิทยาการคอมพิวเตอร์,ยินดี/พร้อมไปเรียนต่อที่ศูนย์แม่ริม,3,0,4.0,4.0,4.0,4.0,4.0
"ไม่เกิน 10,000",วิทยาการคอมพิวเตอร์,ไม่สะดวก/ไม่ยินดีในการศึกษาต่อ เนื่องจาก  เพราะไม่อยากย้ายหอ,1,1,4.166666666666667,4.5,4.0,4.0,4.6
"10,001-20,000",วิทยาการคอมพิวเตอร์,ยินดี/พร้อมไปเรียนต่อที่ศูนย์แม่ริม,2,0,4.833333333333333,4.666666666666667,5.0,4.6,4.2
"10,001-20,000",วิทยาการคอมพิวเตอร์,ยินดี/พร้อมไปเรียนต่อที่ศูนย์แม่ริม,2,0,3.3333333333333335,4.0,3.5,3.6,4.0
"20,001-30,000",วิทยาการคอมพิวเตอร์,ยินดี/พร้อมไปเรียนต่อที่ศูนย์แม่ริม,3,0,3.5,4.333333333333333,3.0,2.2,2.8
"10,001-20,000",วิทยาการคอมพิวเตอร์,ยินดี/พร้อมไปเรียนต่อที่ศูนย์แม่ริม,2,0,3.3333333333333335,3.0,3.0,3.2,2.6
"10,001-20,000",วิทยาการคอมพิวเตอร์,"ยินดี/พร้อมไปเรียนต่อที่ศูนย์แม่ริม
ข้อเสนอแนะ อยากให้เปิดศูนย์แม่ริมเร็วๆ เนื่องจากบ้านผมอยู่ใกล้ จะได้ช้วยลดค่าใช้จ่าย",2,0,4.0,3.3333333333333335,3.25,2.2,3.0
"ไม่เกิน 10,000",วิทยาการคอมพิวเตอร์,ยินดี/พร้อมไปเรียนต่อที่ศูนย์แม่ริม,1,0,3.1666666666666665,3.6666666666666665,3.0,2.0,2.8
"10,001-20,000",วิทยาการคอมพิวเตอร์,ไม่สะดวก/ไม่ยินดีในการศึกษาต่อ เนื่องจาก  ไกล เดินทางไม่สะดวก,2,1,3.8333333333333335,3.5,3.75,3.6,4.0
"ไม่เกิน 10,000",เทคโนโลยีสถาปัตยกรรม,ไม่สะดวก/ไม่ยินดีในการศึกษาต่อ เนื่องจาก  ในเมืองมีความสะดวกสบายมากกว่า,1,1,4.0,4.833333333333333,4.0,3.8,4.0
"10,001-20,000",เทคโนโลยีสถาปัตยกรรม,ไม่สะดวก/ไม่ยินดีในการศึกษาต่อ เนื่องจาก  ห่างไกล ยากต่อการใช้ชีวิต,2,1,3.8333333333333335,4.666666666666667,3.5,1.8,4.6
"30,001 ขึ้นไป",เทคโนโลยีสถาปัตยกรรม,ยินดี/พร้อมไปเรียนต่อที่ศูนย์แม่ริม,4,0,3.0,3.0,3.0,3.0,3.0
"10,001-20,000",เทคโนโลยีสถาปัตยกรรม,ยินดี/พร้อมไปเรียนต่อที่ศูนย์แม่ริม,2,0,4.0,4.0,4.0,4.0,4.0
"30,001 ขึ้นไป",เทคโนโลยีสถาปัตยกรรม,ยินดี/พร้อมไปเรียนต่อที่ศูนย์แม่ริม,4,0,4.166666666666667,4.166666666666667,4.25,4.0,5.0
"10,001-20,000",เทคโนโลยีสถาปัตยกรรม,ไม่สะดวก/ไม่ยินดีในการศึกษาต่อ เนื่องจาก  ไกลเกินไป,2,1,3.8333333333333335,3.5,3.5,4.0,4.6
"10,001-20,000",ชีววิทยา,ไม่สะดวก/ไม่ยินดีในการศึกษาต่อ เนื่องจาก  ไกลเกินไป  หอพักอยู่ในตัวเมือง  เดินทางไม่สะดวก,2,1,3.5,3.6666666666666665,2.5,2.4,2.8
"10,001-20,000",ชีววิทยา,ไม่สะดวก/ไม่ยินดีในการศึกษาต่อ เนื่องจาก  การเดินทาง,2,1,4.0,4.166666666666667,3.75,4.4,4.8
"ไม่เกิน 10,000",อาชีวอนามัยและความปลอดภัย,ยินดี/พร้อมไปเรียนต่อที่ศูนย์แม่ริม,1,0,3.6666666666666665,3.3333333333333335,1.5,1.4,2.4
"10,001-20,000",อาชีวอนามัยและความปลอดภัย,ไม่สะดวก/ไม่ยินดีในการศึกษาต่อ เนื่องจาก  ไม่สะดวกในการอยู่หอ,2,1,5.0,4.833333333333333,4.75,4.8,5.0
"ไม่เกิน 10,000",อาชีวอนามัยและความปลอดภัย,ยินดี/พร้อมไปเรียนต่อที่ศูนย์แม่ริม,1,0,3.6666666666666665,4.0,3.25,3.0,3.2
"ไม่เกิน 10,000",อาชีวอนามัยและความปลอดภัย,ยินดี/พร้อมไปเรียนต่อที่ศูนย์แม่ริม,1,0,3.5,3.6666666666666665,3.5,3.4,3.2
"10,001-20,000",อาชีวอนามัยและความปลอดภัย,ยินดี/พร้อมไปเรียนต่อที่ศูนย์แม่ริม,2,0,4.333333333333333,4.0,3.5,2.4,3.2
"10,001-20,000",อาชีวอนามัยและความปลอดภัย,ยินดี/พร้อมไปเรียนต่อที่ศูนย์แม่ริม,2,0,3.6666666666666665,3.8333333333333335,3.0,3.4,3.8
"10,001-20,000",อาชีวอนามัยและความปลอดภัย,ไม่สะดวก/ไม่ยินดีในการศึกษาต่อ เนื่องจาก  การเดินทางไม่สะดวกและใช้เวลานาน,2,1,4.0,3.8333333333333335,3.75,3.0,3.2
"10,001-20,000",อาชีวอนามัยและความปลอดภัย,ไม่สะดวก/ไม่ยินดีในการศึกษาต่อ เนื่องจาก  ไม่มีที่พักที่แม่ริม,2,1,2.8333333333333335,3.3333333333333335,1.5,1.8,2.2
"ไม่เกิน 10,000",สาธารณสุขชุมชน,ยินดี/พร้อมไปเรียนต่อที่ศูนย์แม่ริม,1,0,4.166666666666667,4.333333333333333,4.0,4.0,4.8
"ไม่เกิน 10,000",สาธารณสุขชุมชน,ยินดี/พร้อมไปเรียนต่อที่ศูนย์แม่ริม,1,0,4.833333333333333,5.0,5.0,3.2,4.6
"10,001-20,000",        คหกรรมศาสตร์           (การออกแบบแฟชั่นและสิ่งทอ),ไม่สะดวก/ไม่ยินดีในการศึกษาต่อ เนื่องจาก  ไม่สะดวกต่อการเดินทาง  ถ้าหากไปพักที่ศูนย์แม่ริมไม่มียานพาหนะในการเดินทาง,2,1,4.166666666666667,3.6666666666666665,4.5,1.6,2.6
"10,001-20,000",เทคโนโลยีวิศวกรรมก่อสร้าง,ยินดี/พร้อมไปเรียนต่อที่ศูนย์แม่ริม,2,0,4.0,4.0,3.25,3.0,3.8
"20,001-30,000 ",เทคโนโลยีวิศวกรรมก่อสร้าง,ไม่สะดวก/ไม่ยินดีในการศึกษาต่อ เนื่องจาก  ไกลเกินไป ไม่อยากไปเลย ไกลบ้าน,3,1,4.166666666666667,4.333333333333333,4.0,4.2,4.2
"10,001-20,000",เทคโนโลยีวิศวกรรมก่อสร้าง,ไม่สะดวก/ไม่ยินดีในการศึกษาต่อ เนื่องจาก  ไกลเกินไป ไม่อยากเลย,2,1,4.333333333333333,4.666666666666667,3.75,4.6,4.4
"20,001-30,000 ",เทคโนโลยีวิศวกรรมก่อสร้าง,"ไม่สะดวก/ไม่ยินดีในการศึกษาต่อ เนื่องจาก  ไกลจากบ้าน  ต้องเช่าหอ
ข้อเสนอแนะ จัดหาหอพักให้นักศึกษา",3,1,3.1666666666666665,3.3333333333333335,3.75,3.6,3.6
"30,001 ขึ้นไป",เทคโนโลยีวิศวกรรมก่อสร้าง,ยินดี/พร้อมไปเรียนต่อที่ศูนย์แม่ริม,4,0,3.5,4.166666666666667,3.5,3.4,3.4
"20,001-30,000 ",เทคโนโลยีวิศวกรรมก่อสร้าง,ยินดี/พร้อมไปเรียนต่อที่ศูนย์แม่ริม,3,0,3.8333333333333335,3.6666666666666665,3.25,3.4,3.4
"10,001-20,000",เทคโนโลยีวิศวกรรมก่อสร้าง,ยินดี/พร้อมไปเรียนต่อที่ศูนย์แม่ริม,2,0,4.666666666666667,4.5,4.25,4.4,4.2
"10,001-20,000",สาธารณสุขชุมชน,ไม่สะดวก/ไม่ยินดีในการศึกษาต่อ เนื่องจาก  ,2,1,4.666666666666667,5.0,5.0,3.4,5.0
"10,001-20,000",สาธารณสุขชุมชน,ยินดี/พร้อมไปเรียนต่อที่ศูนย์แม่ริม,2,0,3.8333333333333335,4.5,3.25,2.6,4.0
"ไม่เกิน 10,000",สาธารณสุขชุมชน,ยินดี/พร้อมไปเรียนต่อที่ศูนย์แม่ริม,1,0,4.0,4.0,3.75,1.8,2.6
"30,001 ขึ้นไป",สาธารณสุขชุมชน,ยินดี/พร้อมไปเรียนต่อที่ศูนย์แม่ริม,4,0,5.0,5.0,5.0,4.6,5.0
"ไม่เกิน 10,000",สาธารณสุขชุมชน,ไม่สะดวก/ไม่ยินดีในการศึกษาต่อ เนื่องจาก  เดินทางลำบาก  ไกลเกินไป ,1,1,5.0,5.0,4.25,5.0,4.8
"10,001-20,000",สาธารณสุขชุมชน,"ยินดี/พร้อมไปเรียนต่อที่ศูนย์แม่ริม
ข้อเสนอแนะ อยากให้สะดวกต่อการเดินทางไปมหาวิทยาลัย",2,0,3.5,4.166666666666667,4.25,1.6,2.8
"10,001-20,000",สาธารณสุขชุมชน,ไม่สะดวก/ไม่ยินดีในการศึกษาต่อ เนื่องจาก  เดินทางลำบาก  ไกลเกิน ,2,1,4.0,4.0,4.0,4.0,3.8
"10,001-20,000",สาธารณสุขชุมชน,ไม่สะดวก/ไม่ยินดีในการศึกษาต่อ เนื่องจาก  เดินทางลำบาก   ,2,1,4.166666666666667,5.0,3.5,4.2,5.0
"ไม่เกิน 10,000",สาธารณสุขชุมชน,ข้อเสนอแนะ  มีรถรับส่ง,1,1,4.5,3.6666666666666665,4.5,4.8,5.0
"10,001-20,000",         คหกรรมศาสตร์                 (อาหารและโภชนาการ),ไม่สะดวก/ไม่ยินดีในการศึกษาต่อ เนื่องจาก  ต้องหาที่อยู่หรือหอพักใหม่  ,2,1,4.333333333333333,4.166666666666667,2.5,2.4,3.6
"30,001 ขึ้นไป","คณกรรมศาสตร์
(การออกแบบแฟชั่นและสิ่งทอ)",ยินดี/พร้อมไปเรียนต่อที่ศูนย์แม่ริม,4,0,4.166666666666667,4.333333333333333,4.0,3.2,3.2
"ไม่เกิน 10,000","คณกรรมศาสตร์
(การออกแบบแฟชั่นและสิ่งทอ)","ไม่สะดวก/ไม่ยินดีในการศึกษาต่อ เนื่องจาก  ไม่สามารถขนของและหารถรับส่งไปที่ศูนย์
ข้อเสนอแนะ  บริการขนส่งนักศึกษาที่ไม่สามารถย้ายไปศูนย์แม่ริมได้  ",1,1,2.3333333333333335,3.5,1.5,1.8,3.6
"20,001-30,000 ","คณกรรมศาสตร์
(การออกแบบแฟชั่นและสิ่งทอ)",ยินดี/พร้อมไปเรียนต่อที่ศูนย์แม่ริม,3,0,3.0,3.8333333333333335,3.5,3.4,3.8
"10,001-20,000",         คหกรรมศาสตร์                 (อาหารและโภชนาการ),ยินดี/พร้อมไปเรียนต่อที่ศูนย์แม่ริม,2,0,4.166666666666667,4.833333333333333,2.75,1.6,3.0
"ไม่เกิน 10,000",การออกแบบผลิตภัณฑ์,"ไม่สะดวก/ไม่ยินดีในการศึกษาต่อ เนื่องจาก  ไกลไปนิดนึง
ข้อเสนอแนะ อยากให้มีรถไปรับไปส่ง ฟรี",1,1,3.8333333333333335,4.0,3.0,3.0,3.4
"20,001-30,000 ",วิทยาศาสตร์และเทคโนโลยีสิ่งแวดล้อม,ยินดี/พร้อมไปเรียนต่อที่ศูนย์แม่ริม,3,0,2.8333333333333335,2.8333333333333335,3.25,2.2,3.8
"ไม่เกิน 10,000",วิทยาศาสตร์และเทคโนโลยีสิ่งแวดล้อม,ไม่สะดวก/ไม่ยินดีในการศึกษาต่อ เนื่องจาก พื้นที่ค่อนข้างไกลเดินทางไปยาก,1,1,3.3333333333333335,4.333333333333333,2.5,1.4,4.0
"10,001-20,000",วิทยาศาสตร์และเทคโนโลยีสิ่งแวดล้อม,ยินดี/พร้อมไปเรียนต่อที่ศูนย์แม่ริม,2,0,4.666666666666667,5.0,3.75,4.8,5.0
"ไม่เกิน 10,000",สาธารณสุขชุมชน,ยินดี/พร้อมไปเรียนต่อที่ศูนย์แม่ริม,1,0,3.8333333333333335,3.3333333333333335,3.0,3.4,3.0
"ไม่เกิน 10,000",สาธารณสุขชุมชน,ยินดี/พร้อมไปเรียนต่อที่ศูนย์แม่ริม,1,0,4.0,3.5,3.5,3.4,4.0
"10,001-20,000",สาธารณสุขชุมชน,ยินดี/พร้อมไปเรียนต่อที่ศูนย์แม่ริม,2,0,3.5,3.8333333333333335,3.5,3.6,3.4
"ไม่เกิน 10,000",สาธารณสุขชุมชน,ยินดี/พร้อมไปเรียนต่อที่ศูนย์แม่ริม,1,0,4.166666666666667,3.0,3.0,3.0,3.8
"10,001-20,000",สาธารณสุขชุมชน,"ยินดี/พร้อมไปเรียนต่อที่ศูนย์แม่ริม
ข้อเสนอแนะ ป่าเยอะไปหน่อยค่ะ",2,0,5.0,5.0,5.0,5.0,5.0
"ไม่เกิน 10,000",สาธารณสุขชุมชน,ยินดี/พร้อมไปเรียนต่อที่ศูนย์แม่ริม,1,0,4.5,4.0,4.0,4.6,3.8
"ไม่เกิน 10,000",สาธารณสุขชุมชน,ยินดี/พร้อมไปเรียนต่อที่ศูนย์แม่ริม,1,0,3.8333333333333335,4.0,2.75,3.6,4.4
"10,001-20,000",สาธารณสุขชุมชน,ยินดี/พร้อมไปเรียนต่อที่ศูนย์แม่ริม,2,0,3.8333333333333335,4.333333333333333,3.5,3.4,4.0
"ไม่เกิน 10,000",สาธารณสุขชุมชน,ยินดี/พร้อมไปเรียนต่อที่ศูนย์แม่ริม,1,0,3.8333333333333335,3.8333333333333335,3.25,2.8,3.8
"10,001-20,000",สาธารณสุขชุมชน,ยินดี/พร้อมไปเรียนต่อที่ศูนย์แม่ริม,2,0,4.666666666666667,5.0,4.5,1.6,4.2
"20,001-30,000 ",สาธารณสุขชุมชน,ข้อเสนอแนะ บ้านไกลจากเวียงบัว,3,1,4.333333333333333,4.166666666666667,4.25,4.0,3.0
"10,001-20,000",สาธารณสุขชุมชน,ยินดี/พร้อมไปเรียนต่อที่ศูนย์แม่ริม,2,0,3.0,3.8333333333333335,2.75,3.0,2.6
"10,001-20,000",สาธารณสุขชุมชน,ไม่สะดวก/ไม่ยินดีในการศึกษาต่อ เนื่องจาก  อยากอยู่ในตัวเมือง,2,1,3.5,3.8333333333333335,3.0,3.2,3.8
"ไม่เกิน 10,000",สาธารณสุขชุมชน,ยินดี/พร้อมไปเรียนต่อที่ศูนย์แม่ริม,1,0,4.5,4.0,3.75,3.8,4.2
"ไม่เกิน 10,000",สาธารณสุขชุมชน,ยินดี/พร้อมไปเรียนต่อที่ศูนย์แม่ริม,1,0,3.6666666666666665,4.666666666666667,3.0,2.8,3.0
"10,001-20,000",ออกแบบผลิตภัณฑ์,ไม่สะดวก/ไม่ยินดีในการศึกษาต่อ เนื่องจาก  ไกลเกินไปเดินทางไม่สะดวก,2,1,3.8333333333333335,3.6666666666666665,2.75,3.0,3.8
"ไม่เกิน 10,000",         คหกรรมศาสตร์                 (อาหารและโภชนาการ),ไม่สะดวก/ไม่ยินดีในการศึกษาต่อ เนื่องจาก  ปัจจัยหลายๆ อย่าง,1,1,3.5,3.6666666666666665,3.0,2.6,3.0
"20,001-30,000 ",         คหกรรมศาสตร์                 (อาหารและโภชนาการ),ไม่สะดวก/ไม่ยินดีในการศึกษาต่อ เนื่องจาก  ไม่อยากย้ายไปไกลจากตัวเมือง,3,1,3.3333333333333335,3.6666666666666665,2.25,2.0,3.4
"10,001-20,000",         คหกรรมศาสตร์                 (อาหารและโภชนาการ),ไม่สะดวก/ไม่ยินดีในการศึกษาต่อ เนื่องจาก  บ้านอยู่ไกล  พ่อแม่ไม่อยากให้อยู่หอพัก,2,1,3.6666666666666665,3.5,2.25,1.8,4.2
"ไม่เกิน 10,000",         คหกรรมศาสตร์                 (อาหารและโภชนาการ),ยินดี/พร้อมไปเรียนต่อที่ศูนย์แม่ริม,1,0,4.333333333333333,4.833333333333333,3.0,3.2,4.6
"10,001-20,000",         คหกรรมศาสตร์                 (อาหารและโภชนาการ),ไม่สะดวก/ไม่ยินดีในการศึกษาต่อ เนื่องจาก  เดินทางไม่ค่อยสะดวก,2,1,4.333333333333333,4.666666666666667,3.5,2.8,4.0
"ไม่เกิน 10,000",         คหกรรมศาสตร์                 (อาหารและโภชนาการ),ไม่สะดวก/ไม่ยินดีในการศึกษาต่อ เนื่องจาก  ไกลเกินไปและไม่สะดวก,1,1,3.8333333333333335,4.166666666666667,2.75,2.6,2.0
"10,001-20,000",         คหกรรมศาสตร์                 (อาหารและโภชนาการ),ยินดี/พร้อมไปเรียนต่อที่ศูนย์แม่ริม,2,0,4.333333333333333,3.6666666666666665,3.75,2.4,3.4
"ไม่เกิน 10,000",วิทยาการคอมพิวเตอร์,ยินดี/พร้อมไปเรียนต่อที่ศูนย์แม่ริม,1,0,4.666666666666667,4.5,4.5,5.0,3.6
"10,001-20,000",วิทยาการคอมพิวเตอร์,ยินดี/พร้อมไปเรียนต่อที่ศูนย์แม่ริม,2,0,2.8333333333333335,3.0,1.5,1.8,3.0
"ไม่เกิน 10,000",วิทยาการคอมพิวเตอร์,ยินดี/พร้อมไปเรียนต่อที่ศูนย์แม่ริม,1,0,3.0,3.5,2.0,1.4,3.2
"10,001-20,000",วิทยาการคอมพิวเตอร์,ยินดี/พร้อมไปเรียนต่อที่ศูนย์แม่ริม,2,0,3.6666666666666665,3.8333333333333335,2.75,2.6,3.4
"ไม่เกิน 10,000",         คหกรรมศาสตร์                 (อาหารและโภชนาการ),ไม่สะดวก/ไม่ยินดีในการศึกษาต่อ เนื่องจาก  ,1,1,3.8333333333333335,4.333333333333333,4.0,2.4,3.4
"ไม่เกิน 10,000",         คหกรรมศาสตร์                 (อาหารและโภชนาการ),ยินดี/พร้อมไปเรียนต่อที่ศูนย์แม่ริม,1,0,4.333333333333333,4.166666666666667,4.25,3.8,4.2
"30,001 ขึ้นไป",         คหกรรมศาสตร์                 (อาหารและโภชนาการ),ยินดี/พร้อมไปเรียนต่อที่ศูนย์แม่ริม,4,0,4.5,4.5,4.0,3.2,3.6
"10,001-20,000",         คหกรรมศาสตร์                 (อาหารและโภชนาการ),ยินดี/พร้อมไปเรียนต่อที่ศูนย์แม่ริม,2,0,3.3333333333333335,2.8333333333333335,3.0,2.6,3.0
"10,001-20,000",         คหกรรมศาสตร์                 (อาหารและโภชนาการ),ยินดี/พร้อมไปเรียนต่อที่ศูนย์แม่ริม,2,0,3.6666666666666665,3.5,2.5,1.4,2.0
"10,001-20,000",         คหกรรมศาสตร์                 (อาหารและโภชนาการ),ยินดี/พร้อมไปเรียนต่อที่ศูนย์แม่ริม,2,0,4.333333333333333,4.0,2.25,1.4,2.2
"10,001-20,000",         คหกรรมศาสตร์                 (อาหารและโภชนาการ),ยินดี/พร้อมไปเรียนต่อที่ศูนย์แม่ริม,2,0,3.6666666666666665,3.8333333333333335,3.0,3.8,4.4
"ไม่เกิน 10,000",         คหกรรมศาสตร์                 (อาหารและโภชนาการ),ยินดี/พร้อมไปเรียนต่อที่ศูนย์แม่ริม,1,0,3.1666666666666665,4.166666666666667,3.5,3.0,3.2
"ไม่เกิน 10,000",         คหกรรมศาสตร์                 (อาหารและโภชนาการ),"ยินดี/พร้อมไปเรียนต่อที่ศูนย์แม่ริม
ข้อเสนอแนะ  อยากให้ที่ศูนย์แม่มริมมีงานทำ",1,0,3.5,3.6666666666666665,3.0,1.6,3.6
"10,001-20,000",         คหกรรมศาสตร์                 (อาหารและโภชนาการ),ไม่สะดวก/ไม่ยินดีในการศึกษาต่อ เนื่องจาก  ไกลจากบ้าน,2,1,4.166666666666667,4.0,3.75,4.0,3.8
"10,001-20,000",         คหกรรมศาสตร์                 (อาหารและโภชนาการ),ไม่สะดวก/ไม่ยินดีในการศึกษาต่อ เนื่องจาก  บ้านอยู่ไกล  ไม่ได้อยู่หอ ค่าใช้จ่ายเยอะ,2,1,3.1666666666666665,3.8333333333333335,3.0,2.4,3.8
"ไม่เกิน 10,000",         คหกรรมศาสตร์                 (อาหารและโภชนาการ),ข้อเสนอแนะ  ไม่อยากเจอดินแดง  ในป่า  อยากอยู่ในตัวเมือง แต่ก็ไปเรียนที่ศูนย์แม่ริมได้,1,1,3.8333333333333335,2.8333333333333335,2.75,1.6,1.6
"ไม่เกิน 10,000",เทคโนโลยีวิศวกรรมก่อสร้าง,ยินดี/พร้อมไปเรียนต่อที่ศูนย์แม่ริม,1,0,4.0,4.0,4.0,4.0,4.0
"30,001 ขึ้นไป",เทคโนโลยีวิศวกรรมก่อสร้าง,ยินดี/พร้อมไปเรียนต่อที่ศูนย์แม่ริม,4,0,4.166666666666667,4.333333333333333,4.5,4.8,4.8
"10,001-20,000",เทคโนโลยีวิศวกรรมก่อสร้าง,ยินดี/พร้อมไปเรียนต่อที่ศูนย์แม่ริม,2,0,4.0,4.0,3.0,3.2,4.0
"10,001-20,000",เทคโนโลยีวิศวกรรมก่อสร้าง,ยินดี/พร้อมไปเรียนต่อที่ศูนย์แม่ริม,2,0,3.1666666666666665,3.3333333333333335,3.0,3.2,3.4
"ไม่เกิน 10,000",เทคโนโลยีวิศวกรรมก่อสร้าง,"ยินดี/พร้อมไปเรียนต่อที่ศูนย์แม่ริม
ข้อเสนอแนะ  ขอให้มีการสอนที่มั่นคง ไม่ย้ายไปย้ายมา",1,0,3.6666666666666665,3.0,3.0,3.2,3.0
"20,001-30,000 ",เทคโนโลยีสารสนเทศ,"ยินดี/พร้อมไปเรียนต่อที่ศูนย์แม่ริม
ข้อเสนอแนะ  ขอให้ในวันศุกร์มีคาบว่าง ตั้งแต่เที่ยงไปถึงบ่าย",3,0,2.8333333333333335,3.6666666666666665,2.25,1.4,1.2
"30,001 ขึ้นไป",วิทยาการคอมพิวเตอร์,ไม่สะดวก/ไม่ยินดีในการศึกษาต่อ เนื่องจาก  ไกลบ้านเดินทางลำบาก,4,1,5.0,5.0,2.0,1.8,4.2
"20,001-30,000 ",วิทยาการคอมพิวเตอร์,ยินดี/พร้อมไปเรียนต่อที่ศูนย์แม่ริม,3,0,3.5,3.0,3.0,3.4,3.4
"10,001-20,000",วิทยาการคอมพิวเตอร์,ข้อเสนอแนะ  ไม่ค่อยอยากไปไกลเมืองเท่าไหร่,2,1,3.0,3.1666666666666665,2.5,2.2,3.0
"30,001 ขึ้นไป",วิทยาการคอมพิวเตอร์,ยินดี/พร้อมไปเรียนต่อที่ศูนย์แม่ริม,4,0,3.8333333333333335,4.0,4.0,3.8,4.0
"10,001-20,000",วิทยาการคอมพิวเตอร์,ยินดี/พร้อมไปเรียนต่อที่ศูนย์แม่ริม,2,0,3.5,5.0,4.5,2.6,4.0
"10,001-20,000",         คหกรรมศาสตร์                 (อาหารและโภชนาการ),ยินดี/พร้อมไปเรียนต่อที่ศูนย์แม่ริม,2,0,4.666666666666667,5.0,4.75,4.4,4.6
"10,001-20,000",         คหกรรมศาสตร์                 (อาหารและโภชนาการ),ยินดี/พร้อมไปเรียนต่อที่ศูนย์แม่ริม,2,0,3.1666666666666665,3.1666666666666665,3.0,3.2,3.0
"10,001-20,000",         คหกรรมศาสตร์                 (อาหารและโภชนาการ),ยินดี/พร้อมไปเรียนต่อที่ศูนย์แม่ริม,2,0,3.8333333333333335,3.8333333333333335,3.0,2.6,4.0
"ไม่เกิน 10,000",         คหกรรมศาสตร์                 (อาหารและโภชนาการ),ยินดี/พร้อมไปเรียนต่อที่ศูนย์แม่ริม,1,0,3.3333333333333335,4.0,2.75,2.2,2.6
"10,001-20,000",ออกแบบผลิตภัณฑ์,ยินดี/พร้อมไปเรียนต่อที่ศูนย์แม่ริม,2,0,3.8333333333333335,4.166666666666667,3.5,3.0,3.8
"10,001-20,000",สาธารณสุขชุมชน,ยินดี/พร้อมไปเรียนต่อที่ศูนย์แม่ริม,2,0,3.1666666666666665,4.0,3.5,3.4,4.2
"10,001-20,000",เทคโนโลยีสารสนเทศ,ไม่สะดวก/ไม่ยินดีในการศึกษาต่อ เนื่องจาก  ไกลจากบ้าน 100 กิโลเมตร ซึ่งน้ำมันแพง เปลือง,2,1,4.0,4.666666666666667,3.25,4.4,3.0
"ไม่เกิน 10,000",อาชีวอนามัยและความปลอดภัย,ยินดี/พร้อมไปเรียนต่อที่ศูนย์แม่ริม,1,0,4.333333333333333,4.5,4.0,4.6,5.0
"ไม่เกิน 10,000",อาชีวอนามัยและความปลอดภัย,"ไม่สะดวก/ไม่ยินดีในการศึกษาต่อ เนื่องจาก  ขับรถไม่ค่อยเก่ง
ข้อเสนอแนะ ไม่ต้องไปเรียนบ่อยในบางครั้ง",1,1,3.6666666666666665,3.5,2.75,2.2,1.8
"10,001-20,000",อาชีวอนามัยและความปลอดภัย,ยินดี/พร้อมไปเรียนต่อที่ศูนย์แม่ริม,2,0,3.5,3.8333333333333335,4.5,3.6,4.0
"ไม่เกิน 10,000",อาชีวอนามัยและความปลอดภัย,ยินดี/พร้อมไปเรียนต่อที่ศูนย์แม่ริม,1,0,3.8333333333333335,3.6666666666666665,3.5,3.4,3.4
"10,001-20,000",อาชีวอนามัยและความปลอดภัย,ยินดี/พร้อมไปเรียนต่อที่ศูนย์แม่ริม,2,0,4.166666666666667,4.5,4.25,3.8,4.0
"20,001-30,000 ",อาชีวอนามัยและความปลอดภัย,ไม่สะดวก/ไม่ยินดีในการศึกษาต่อ เนื่องจาก  ไกล,3,1,3.3333333333333335,3.1666666666666665,2.75,2.4,3.0
"ไม่เกิน 10,000",อาชีวอนามัยและความปลอดภัย,ยินดี/พร้อมไปเรียนต่อที่ศูนย์แม่ริม,1,0,5.0,4.833333333333333,4.0,4.4,5.0
"ไม่เกิน 10,000",อาชีวอนามัยและความปลอดภัย,ยินดี/พร้อมไปเรียนต่อที่ศูนย์แม่ริม,1,0,3.8333333333333335,3.8333333333333335,3.5,3.2,4.0
"10,001-20,000",อาชีวอนามัยและความปลอดภัย,ยินดี/พร้อมไปเรียนต่อที่ศูนย์แม่ริม,2,0,4.5,4.166666666666667,4.75,3.4,4.4
"ไม่เกิน 10,000",วิทยาการคอมพิวเตอร์,ยินดี/พร้อมไปเรียนต่อที่ศูนย์แม่ริม,1,0,4.5,4.333333333333333,3.25,3.0,4.0
"ไม่เกิน 10,000",คณิตศาสตร์,ยินดี/พร้อมไปเรียนต่อที่ศูนย์แม่ริม,1,0,4.0,4.666666666666667,3.25,2.8,3.2
"10,001-20,000",คณิตศาสตร์,ยินดี/พร้อมไปเรียนต่อที่ศูนย์แม่ริม,2,0,4.333333333333333,4.0,4.75,3.0,4.6
"ไม่เกิน 10,000",คณิตศาสตร์,ไม่สะดวก/ไม่ยินดีในการศึกษาต่อ เนื่องจาก  ไม่สะดวกไปไกล,1,1,3.3333333333333335,3.3333333333333335,3.5,2.2,3.8
"30,001 ขึ้นไป",คณิตศาสตร์,ยินดี/พร้อมไปเรียนต่อที่ศูนย์แม่ริม,4,0,3.5,3.3333333333333335,3.25,3.0,3.6
"10,001-20,000",ออกแบบผลิตภัณฑ์,ยินดี/พร้อมไปเรียนต่อที่ศูนย์แม่ริม,2,0,3.8333333333333335,4.166666666666667,3.5,2.0,4.4
"10,001-20,000",ออกแบบผลิตภัณฑ์,ข้อเสนอแนะ  อยากให้เรียนสลับสถานที่เพื่อความสะดวก,2,1,4.666666666666667,3.8333333333333335,4.75,4.8,4.8
"10,001-20,000",ออกแบบผลิตภัณฑ์,ยินดี/พร้อมไปเรียนต่อที่ศูนย์แม่ริม,2,0,3.5,4.666666666666667,3.75,1.6,5.0
"10,001-20,000",สาธารณสุขชุมชน,ยินดี/พร้อมไปเรียนต่อที่ศูนย์แม่ริม,2,0,4.833333333333333,5.0,5.0,1.8,5.0
"20,001-30,000 ",ออกแบบผลิตภัณฑ์,ยินดี/พร้อมไปเรียนต่อที่ศูนย์แม่ริม,3,0,3.0,3.0,3.75,2.0,3.0
"20,001-30,000 ",ออกแบบผลิตภัณฑ์,"ยินดี/พร้อมไปเรียนต่อที่ศูนย์แม่ริม
ข้อเสนอแนะ  ตึกโรงอาหาร",3,0,2.5,2.1666666666666665,2.5,2.6,3.0
"10,001-20,000",ออกแบบผลิตภัณฑ์,"ยินดี/พร้อมไปเรียนต่อที่ศูนย์แม่ริม
ข้อเสนอแนะ  ค่ารถมหาวิทยาลัยแพงมาก",2,0,2.5,3.0,3.25,2.2,2.4
"10,001-20,000",สถิติประยุกต์ แขนงวิชาวิทยาการข้อมูลเชิงสถิติ,"ยินดี/พร้อมไปเรียนต่อที่ศูนย์แม่ริม
ข้อเสนอแนะ  การเดินทางและที่พักนักศึกษา",2,0,3.3333333333333335,4.666666666666667,4.0,3.2,3.6
"ไม่เกิน 10,000",สถิติประยุกต์ แขนงวิชาวิทยาการข้อมูลเชิงสถิติ,"ยินดี/พร้อมไปเรียนต่อที่ศูนย์แม่ริม
ข้อเสนอแนะ   อยากให้เข้าไปเรียนที่ศูนย์แม่ริมเร็วที่สุดพร้อมคณะครุศาสตร์",1,0,2.1666666666666665,2.3333333333333335,3.0,1.4,3.0
"ไม่เกิน 10,000",สถิติประยุกต์ แขนงวิชาวิทยาการข้อมูลเชิงสถิติ,ยินดี/พร้อมไปเรียนต่อที่ศูนย์แม่ริม,1,0,4.333333333333333,3.6666666666666665,3.25,3.2,4.0
"20,001-30,000 ",อาชีวอนามัยและความปลอดภัย,ยินดี/พร้อมไปเรียนต่อที่ศูนย์แม่ริม,3,0,4.166666666666667,4.833333333333333,4.5,3.4,5.0
"10,001-20,000",อาชีวอนามัยและความปลอดภัย,ยินดี/พร้อมไปเรียนต่อที่ศูนย์แม่ริม,2,0,4.5,4.666666666666667,4.25,4.6,4.8
"ไม่เกิน 10,000",อาชีวอนามัยและความปลอดภัย,ยินดี/พร้อมไปเรียนต่อที่ศูนย์แม่ริม,1,0,3.5,5.0,3.5,2.4,2.6
"ไม่เกิน 10,000",อาชีวอนามัยและความปลอดภัย,ยินดี/พร้อมไปเรียนต่อที่ศูนย์แม่ริม,1,0,4.333333333333333,5.0,4.0,3.8,4.0
"30,001 ขึ้นไป",เทคโนโลยีวิศวกรรมก่อสร้าง,ยินดี/พร้อมไปเรียนต่อที่ศูนย์แม่ริม,4,0,4.0,4.0,4.0,4.0,4.0
"20,001-30,000 ",เทคโนโลยีวิศวกรรมก่อสร้าง,ยินดี/พร้อมไปเรียนต่อที่ศูนย์แม่ริม,3,0,4.5,4.166666666666667,4.0,3.6,3.8
"10,001-20,000",สาธารณสุขชุมชน,ยินดี/พร้อมไปเรียนต่อที่ศูนย์แม่ริม,2,0,3.8333333333333335,3.0,3.0,3.0,3.0
"ไม่เกิน 10,000",อาชีวอนามัยและความปลอดภัย,ข้อเสนอแนะ  มีรถรับส่งนักศึกษา,1,1,3.0,4.0,5.0,2.2,3.0
"ไม่เกิน 10,000",วิทยาศาสตร์และสิ่งแวดล้อม,ยินดี/พร้อมไปเรียนต่อที่ศูนย์แม่ริม,1,0,1.8333333333333333,3.3333333333333335,3.0,1.2,2.0
"ไม่เกิน 10,000",อาชีวอนามัยและความปลอดภัย,"ยินดี/พร้อมไปเรียนต่อที่ศูนย์แม่ริม
ข้อเสนอแนะ อยากไปเห็นอะไรใหม่ๆ",1,0,3.8333333333333335,4.166666666666667,3.75,3.2,4.2
"20,001-30,000 ",สาธารณสุขชุมชน,ไม่สะดวก/ไม่ยินดีในการศึกษาต่อ เนื่องจาก  ไกลเกินไป ไม่สะดวกในการเดินทาง,3,1,4.166666666666667,4.0,3.25,4.2,3.4
"20,001-30,000",เทคโนโลยีสถาปัตยกรรม,ยินดี/พร้อมไปเรียนต่อที่ศูนย์แม่ริม,3,0,2.6666666666666665,3.6666666666666665,2.75,1.6,3.2
"ไม่เกิน 10,000",เทคโนโลยีสถาปัตยกรรม,ยินดี/พร้อมไปเรียนต่อที่ศูนย์แม่ริม,1,0,3.6666666666666665,4.0,3.0,2.8,3.8
"ไม่เกิน 10,000",เทคโนโลยีสถาปัตยกรรม,ยินดี/พร้อมไปเรียนต่อที่ศูนย์แม่ริม,1,0,2.6666666666666665,3.0,2.0,1.6,2.4
"ไม่เกิน 10,000",เทคโนโลยีสถาปัตยกรรม,ยินดี/พร้อมไปเรียนต่อที่ศูนย์แม่ริม,1,0,4.833333333333333,5.0,3.0,1.6,5.0
"ไม่เกิน 10,000","คหกรรมศาสตร์
(อาหารและโภชนาการ)",ยินดี/พร้อมไปเรียนต่อที่ศูนย์แม่ริม,1,0,4.166666666666667,4.166666666666667,3.25,3.6,3.8
"10,001-20,000","คหกรรมศาสตร์
(การออกแบบแฟชั่นและสิ่งทอ)",ยินดี/พร้อมไปเรียนต่อที่ศูนย์แม่ริม,2,0,4.0,3.8333333333333335,3.5,4.0,4.0
"10,001-20,000","คหกรรมศาสตร์
(การออกแบบแฟชั่นและสิ่งทอ)",ยินดี/พร้อมไปเรียนต่อที่ศูนย์แม่ริม,2,0,3.1666666666666665,3.5,1.5,2.6,2.2
"10,001-20,000","คหกรรมศาสตร์
(อาหารและโภชนาการ)",ไม่สะดวก/ไม่ยินดีในการศึกษาต่อ เนื่องจาก  ,2,1,4.0,4.0,2.5,1.4,3.0
"10,001-20,000","คหกรรมศาสตร์
(อาหารและโภชนาการ)",ยินดี/พร้อมไปเรียนต่อที่ศูนย์แม่ริม,2,0,4.166666666666667,3.5,3.5,2.6,3.4
"10,001-20,000","คหกรรมศาสตร์
(อาหารและโภชนาการ)",,2,1,4.5,4.5,2.75,4.8,5.0
"20,001-30,000 ","คหกรรมศาสตร์
(อาหารและโภชนาการ)",ยินดี/พร้อมไปเรียนต่อที่ศูนย์แม่ริม,3,0,4.666666666666667,4.833333333333333,4.0,3.4,4.2
"10,001-20,000","คหกรรมศาสตร์
(อาหารและโภชนาการ)",ยินดี/พร้อมไปเรียนต่อที่ศูนย์แม่ริม,2,0,4.666666666666667,4.666666666666667,4.75,4.6,4.8
"20,001-30,000 ","คหกรรมศาสตร์
(อาหารและโภชนาการ)",ยินดี/พร้อมไปเรียนต่อที่ศูนย์แม่ริม,3,0,4.333333333333333,4.0,3.25,3.0,3.6
"30,001 ขึ้นไป",วิทยาการคอมพิวเตอร์,ไม่สะดวก/ไม่ยินดีในการศึกษาต่อ เนื่องจาก  อยู่ห่างไกลจนเกินไป,4,1,4.0,4.0,1.75,3.2,3.6
"10,001-20,000",วิทยาการคอมพิวเตอร์,ยินดี/พร้อมไปเรียนต่อที่ศูนย์แม่ริม,2,0,4.0,4.0,3.0,3.2,4.4
"30,001 ขึ้นไป",วิทยาการคอมพิวเตอร์,ไม่สะดวก/ไม่ยินดีในการศึกษาต่อ เนื่องจาก  ,4,1,3.6666666666666665,4.333333333333333,1.0,1.6,3.2
"10,001-20,000",วิทยาการคอมพิวเตอร์,ยินดี/พร้อมไปเรียนต่อที่ศูนย์แม่ริม,2,0,3.3333333333333335,4.0,3.75,3.0,3.2
"ไม่เกิน 10,000",วิทยาการคอมพิวเตอร์,ไม่สะดวก/ไม่ยินดีในการศึกษาต่อ เนื่องจาก  อยู่ห่างไกลมาก อยากเรียนในตัวเมือง ไม่อยากขี่มอไซด์ไป ไกลมากๆ,1,1,3.6666666666666665,3.6666666666666665,3.5,3.0,3.2
"20,001-30,000 ",วิทยาการคอมพิวเตอร์,ยินดี/พร้อมไปเรียนต่อที่ศูนย์แม่ริม,3,0,4.0,3.8333333333333335,3.75,3.6,3.8
"ไม่เกิน 10,000",ออกแบบผลิตภัณฑ์,,1,1,3.0,3.6666666666666665,3.5,3.2,3.6
"20,001-30,000 ",ออกแบบผลิตภัณฑ์,ยินดี/พร้อมไปเรียนต่อที่ศูนย์แม่ริม,3,0,3.0,4.833333333333333,3.5,2.2,2.4
"20,001-30,000 ",ออกแบบผลิตภัณฑ์,ไม่สะดวก/ไม่ยินดีในการศึกษาต่อ เนื่องจาก  บ้านอยู่ในตัวเมือง  การเดินทางไม่ค่อยสะดวก,3,1,4.166666666666667,5.0,4.75,2.0,4.0
"20,001-30,000 ",ออกแบบผลิตภัณฑ์,ยินดี/พร้อมไปเรียนต่อที่ศูนย์แม่ริม,3,0,3.0,3.3333333333333335,2.25,2.8,2.2
"30,001 ขึ้นไป",วิทยาศาสตร์และเทคโนโลยีสิ่งแวดล้อม,ยินดี/พร้อมไปเรียนต่อที่ศูนย์แม่ริม,4,0,3.6666666666666665,3.5,4.0,3.0,1.8
"10,001-20,000",สถิติประยุกต์ แขนงวิชาวิทยาการข้อมูลเชิงสถิติ,ยินดี/พร้อมไปเรียนต่อที่ศูนย์แม่ริม,2,0,4.333333333333333,4.333333333333333,3.75,3.8,4.8
"10,001-20,000",ออกแบบผลิตภัณฑ์,ไม่สะดวก/ไม่ยินดีในการศึกษาต่อ เนื่องจาก  อยู่ห่างไกลเกินไป ผิดเป้าหมายในการเลือกศึกษาที่นี้,2,1,2.8333333333333335,3.0,2.5,1.2,1.4
"10,001-20,000",คณิตศาสตร์,ยินดี/พร้อมไปเรียนต่อที่ศูนย์แม่ริม,2,0,3.1666666666666665,3.6666666666666665,3.75,1.6,2.4
"10,001-20,000",คณิตศาสตร์,ยินดี/พร้อมไปเรียนต่อที่ศูนย์แม่ริม,2,0,4.666666666666667,4.833333333333333,4.25,2.2,4.0
"10,001-20,000",คณิตศาสตร์,ยินดี/พร้อมไปเรียนต่อที่ศูนย์แม่ริม,2,0,4.5,4.666666666666667,4.0,5.0,4.6
"10,001-20,000",วิทยาศาสตร์และเทคโนโลยีสิ่งแวดล้อม,ยินดี/พร้อมไปเรียนต่อที่ศูนย์แม่ริม,2,0,3.3333333333333335,4.166666666666667,3.5,2.6,3.0
"10,001-20,000",วิทยาการคอมพิวเตอร์,"ยินดี/พร้อมไปเรียนต่อที่ศูนย์แม่ริม
ข้อเสนอแนะ   ขอให้มีระบบขนส่งถูกๆ ให้กับนักศึกษา",2,0,4.166666666666667,4.166666666666667,4.0,2.8,4.0
"10,001-20,000",วิทยาการคอมพิวเตอร์,ยินดี/พร้อมไปเรียนต่อที่ศูนย์แม่ริม,2,0,4.0,3.8333333333333335,4.5,3.8,4.2
"10,001-20,000",วิทยาการคอมพิวเตอร์,ยินดี/พร้อมไปเรียนต่อที่ศูนย์แม่ริม,2,0,3.5,3.6666666666666665,3.5,3.0,3.2
"10,001-20,000","คหกรรมศาสตร์
(อาหารและโภชนาการ)",ยินดี/พร้อมไปเรียนต่อที่ศูนย์แม่ริม,2,0,3.3333333333333335,3.3333333333333335,3.75,3.0,3.4
"ไม่เกิน 10,000","คหกรรมศาสตร์
(อาหารและโภชนาการ)",ยินดี/พร้อมไปเรียนต่อที่ศูนย์แม่ริม,1,0,2.5,3.0,3.75,2.2,2.8
"ไม่เกิน 10,000","คหกรรมศาสตร์
(อาหารและโภชนาการ)",ยินดี/พร้อมไปเรียนต่อที่ศูนย์แม่ริม,1,0,4.333333333333333,4.0,2.75,3.2,4.6
"ไม่เกิน 10,000","คหกรรมศาสตร์
(อาหารและโภชนาการ)",ยินดี/พร้อมไปเรียนต่อที่ศูนย์แม่ริม,1,0,2.8333333333333335,3.3333333333333335,3.25,4.0,3.2
"ไม่เกิน 10,000","คหกรรมศาสตร์
(อาหารและโภชนาการ)",ยินดี/พร้อมไปเรียนต่อที่ศูนย์แม่ริม,1,0,3.1666666666666665,3.3333333333333335,2.25,1.8,3.2
0,"คหกรรมศาสตร์
(อาหารและโภชนาการ)",ข้อเสนอแนะ  ต้องมีสถานที่พักสำหรับนักศึกษา เพื่อสะดวกในการเดินทางไปเรียน,0,1,3.1666666666666665,3.8333333333333335,4.0,3.0,3.4
"10,001-20,000","คหกรรมศาสตร์
(อาหารและโภชนาการ)",ยินดี/พร้อมไปเรียนต่อที่ศูนย์แม่ริม,2,0,3.8333333333333335,4.0,4.0,3.2,4.2
"10,001-20,000","คหกรรมศาสตร์
(อาหารและโภชนาการ)",ยินดี/พร้อมไปเรียนต่อที่ศูนย์แม่ริม,2,0,3.0,4.0,3.75,3.8,2.8
"10,001-20,000",เทคโนโลยีสารสนเทศ,ยินดี/พร้อมไปเรียนต่อที่ศูนย์แม่ริม,2,0,3.5,3.1666666666666665,2.75,3.4,2.6
"ไม่เกิน 10,000",วิทยาการคอมพิวเตอร์,"ไม่สะดวก/ไม่ยินดีในการศึกษาต่อ เนื่องจาก  ไกลจากที่พัก
ข้อเสนอแนะ น่าจะมีรถรับ - ส่ง",1,1,3.3333333333333335,3.5,1.5,1.0,1.2
"10,001-20,000",วิทยาการคอมพิวเตอร์,ไม่สะดวก/ไม่ยินดีในการศึกษาต่อ เนื่องจาก  ระยะทางการดินทางไกล,2,1,3.6666666666666665,3.8333333333333335,3.75,3.0,3.8
"10,001-20,000",วิทยาการคอมพิวเตอร์,ยินดี/พร้อมไปเรียนต่อที่ศูนย์แม่ริม,2,0,4.666666666666667,5.0,4.25,4.2,5.0
"ไม่เกิน 10,000",วิทยาการคอมพิวเตอร์,ไม่สะดวก/ไม่ยินดีในการศึกษาต่อ เนื่องจาก  ไม่สะดวกเรื่องการเดินทาง,1,1,4.333333333333333,5.0,3.75,3.2,5.0
"20,001-30,000 ",วิทยาการคอมพิวเตอร์,ไม่สะดวก/ไม่ยินดีในการศึกษาต่อ เนื่องจาก  ,3,1,3.6666666666666665,3.8333333333333335,3.5,4.2,4.0
"ไม่เกิน 10,000",วิทยาการคอมพิวเตอร์,ยินดี/พร้อมไปเรียนต่อที่ศูนย์แม่ริม,1,0,4.5,4.333333333333333,4.5,3.6,4.0
"ไม่เกิน 10,000",วิทยาการคอมพิวเตอร์,"ไม่สะดวก/ไม่ยินดีในการศึกษาต่อ เนื่องจาก  อยู่ไกลเกินไป  ไม่สะดวกมากๆ
ข้อเสนอแนะ ทำทางรถไป เฉพาะ แม่ริม - เวียงบัว",1,1,3.6666666666666665,3.8333333333333335,2.0,2.8,3.0
"20,001-30,000 ",วิทยาการคอมพิวเตอร์,ไม่สะดวก/ไม่ยินดีในการศึกษาต่อ เนื่องจาก  อยู่ไกลจากหอพัก,3,1,3.6666666666666665,3.5,3.25,4.4,3.4
"10,001-20,000","คหกรรมศาสตร์
(อาหารและโภชนาการ)",ยินดี/พร้อมไปเรียนต่อที่ศูนย์แม่ริม,2,0,3.6666666666666665,4.0,3.25,2.0,3.6
"10,001-20,000","คหกรรมศาสตร์
(อาหารและโภชนาการ)",ยินดี/พร้อมไปเรียนต่อที่ศูนย์แม่ริม,2,0,3.3333333333333335,4.0,3.0,2.4,4.0
"30,001 ขึ้นไป","คหกรรมศาสตร์
(อาหารและโภชนาการ)","ยินดี/พร้อมไปเรียนต่อที่ศูนย์แม่ริม
ข้อเสนอแนะ   มีรถรับส่งอยู่ตลอดเวลา  เพื่ออำนายความสะดวกให้นักศึกษา",4,0,3.8333333333333335,3.0,1.5,1.6,2.2
"10,001-20,000",ชีววิทยา,ยินดี/พร้อมไปเรียนต่อที่ศูนย์แม่ริม,2,0,4.666666666666667,4.166666666666667,4.0,5.0,5.0
"ไม่เกิน 10,000",ชีววิทยา,ไม่สะดวก/ไม่ยินดีในการศึกษาต่อ เนื่องจาก  หอพัก  เรื่องเดินทาง,1,1,3.8333333333333335,3.5,3.5,3.2,3.6
"10,001-20,000",ชีววิทยา,ไม่สะดวก/ไม่ยินดีในการศึกษาต่อ เนื่องจาก  ,2,1,4.833333333333333,5.0,5.0,2.8,4.4
"30,001 ขึ้นไป",ชีววิทยา,ไม่สะดวก/ไม่ยินดีในการศึกษาต่อ เนื่องจาก  ,4,1,3.8333333333333335,4.166666666666667,2.5,4.0,4.2
"ไม่เกิน 10,000",ชีววิทยา,ไม่สะดวก/ไม่ยินดีในการศึกษาต่อ เนื่องจาก  ,1,1,4.5,4.166666666666667,3.75,4.2,4.4
0,ออกแบบผลิตภัณฑ์,ยินดี/พร้อมไปเรียนต่อที่ศูนย์แม่ริม,0,0,3.5,4.333333333333333,3.5,4.2,3.8
"ไม่เกิน 10,000",วิทยาศาสตร์และเทคโนโลยีสิ่งแวดล้อม,ยินดี/พร้อมไปเรียนต่อที่ศูนย์แม่ริม,1,0,4.5,4.0,4.25,2.4,3.8
"ไม่เกิน 10,000",วิทยาศาสตร์และเทคโนโลยีสิ่งแวดล้อม,"ยินดี/พร้อมไปเรียนต่อที่ศูนย์แม่ริม
ข้อเสนอแนะ    ก็ได้นะ  แต่อยู่นอกเมืองมันก็จะลำบากนิดหนึ่ง",1,0,4.166666666666667,4.0,3.75,3.6,4.0
"ไม่เกิน 10,000",วิทยาศาสตร์และเทคโนโลยีสิ่งแวดล้อม,ยินดี/พร้อมไปเรียนต่อที่ศูนย์แม่ริม,1,0,4.0,3.8333333333333335,4.0,3.4,3.6
"10,001-20,000",ออกแบบผลิตภัณฑ์,ยินดี/พร้อมไปเรียนต่อที่ศูนย์แม่ริม,2,0,3.8333333333333335,4.166666666666667,4.0,4.0,4.0
"ไม่เกิน 10,000",วิทยาการคอมพิวเตอร์,ไม่สะดวก/ไม่ยินดีในการศึกษาต่อ เนื่องจาก  ห่างไกลจากบ้าน  30กว่ากิโลเมตร,1,1,4.333333333333333,4.166666666666667,4.5,3.6,4.0
"10,001-20,000",วิทยาการคอมพิวเตอร์,ยินดี/พร้อมไปเรียนต่อที่ศูนย์แม่ริม,2,0,3.5,3.6666666666666665,3.0,2.8,3.4
"ไม่เกิน 10,000",สาธารณสุขชุมชน,"ยินดี/พร้อมไปเรียนต่อที่ศูนย์แม่ริม
ข้อเสนอแนะ    มีร้านค้าและสถานที่ให้ความสะดวกในการเดินทาง",1,0,3.5,3.6666666666666665,3.75,2.4,3.4
"10,001-20,000",สาธารณสุขชุมชน,ยินดี/พร้อมไปเรียนต่อที่ศูนย์แม่ริม,2,0,4.333333333333333,4.5,4.5,3.2,3.8
"10,001-20,000",สาธารณสุขชุมชน,ไม่สะดวก/ไม่ยินดีในการศึกษาต่อ เนื่องจาก  ไกล ไม่สะดวกในการเดินทาง,2,1,4.0,4.166666666666667,3.75,2.8,3.2
"ไม่เกิน 10,000",สาธารณสุขชุมชน,ยินดี/พร้อมไปเรียนต่อที่ศูนย์แม่ริม,1,0,3.8333333333333335,3.8333333333333335,3.5,2.8,3.8
"10,001-20,000",สาธารณสุขชุมชน,ยินดี/พร้อมไปเรียนต่อที่ศูนย์แม่ริม,2,0,4.666666666666667,4.333333333333333,3.5,3.2,2.6
"10,001-20,000",สาธารณสุขชุมชน,ข้อเสนอแนะ    อยากให้มีเที่ยวรถมากขึ้น,2,1,4.166666666666667,4.333333333333333,4.0,3.4,3.4
"10,001-20,000",สาธารณสุขชุมชน,ยินดี/พร้อมไปเรียนต่อที่ศูนย์แม่ริม,2,0,3.1666666666666665,3.6666666666666665,3.5,3.4,3.2
"30,001 ขึ้นไป",สาธารณสุขชุมชน,ไม่สะดวก/ไม่ยินดีในการศึกษาต่อ เนื่องจาก  เดินทางไม่สะดวก เดินทางลำบาก หาที่อยู่ยาก ห่างสิ่งอำนวยความสะดวกหลายๆ อย่าง,4,1,4.333333333333333,4.666666666666667,5.0,4.6,4.8
"10,001-20,000","คหกรรมศาสตร์
(อาหารและโภชนาการ)",ยินดี/พร้อมไปเรียนต่อที่ศูนย์แม่ริม,2,0,4.0,4.0,3.0,3.8,4.2
"30,001 ขึ้นไป","คหกรรมศาสตร์
(อาหารและโภชนาการ)",ไม่สะดวก/ไม่ยินดีในการศึกษาต่อ เนื่องจาก  ไกลและไม่สะดวกห่างไกลบ้าน,4,1,3.8333333333333335,4.666666666666667,4.25,3.0,3.8
"20,001-30,000 ","คหกรรมศาสตร์
(อาหารและโภชนาการ)",ไม่สะดวก/ไม่ยินดีในการศึกษาต่อ เนื่องจาก  อยากศึกษาอยู่ในศูนย์เวียงบัว,3,1,4.166666666666667,4.333333333333333,3.5,3.4,4.2
"ไม่เกิน 10,000","คหกรรมศาสตร์
(อาหารและโภชนาการ)",ยินดี/พร้อมไปเรียนต่อที่ศูนย์แม่ริม,1,0,3.6666666666666665,4.333333333333333,3.5,3.2,4.4
"10,001-20,000","คหกรรมศาสตร์
(อาหารและโภชนาการ)","ยินดี/พร้อมไปเรียนต่อที่ศูนย์แม่ริม
ข้อเสนอแนะ    ต้องการไปเรียนแบบไปกลับบ้านและสถานศึกษา",2,0,3.5,4.333333333333333,3.5,3.0,3.2
"ไม่เกิน 10,000","คหกรรมศาสตร์
(อาหารและโภชนาการ)",ยินดี/พร้อมไปเรียนต่อที่ศูนย์แม่ริม,1,0,4.0,3.8333333333333335,2.75,3.4,3.2
"10,001-20,000","คหกรรมศาสตร์
(การออกแบบแฟชั่นและสิ่งทอ)",ยินดี/พร้อมไปเรียนต่อที่ศูนย์แม่ริม,2,0,4.333333333333333,4.5,3.5,2.4,4.0
"ไม่เกิน 10,000","คหกรรมศาสตร์
(การออกแบบแฟชั่นและสิ่งทอ)",ยินดี/พร้อมไปเรียนต่อที่ศูนย์แม่ริม,1,0,4.0,4.333333333333333,4.0,3.6,3.8
"ไม่เกิน 10,000",วิทยาการคอมพิวเตอร์,ไม่สะดวก/ไม่ยินดีในการศึกษาต่อ เนื่องจาก  ไม่อยากเดินทางไกลและอยู่ห่างจากคนเก่งๆและมีประสบการณ์,1,1,2.8333333333333335,2.6666666666666665,2.25,2.0,2.8
"10,001-20,000",วิทยาการคอมพิวเตอร์,ยินดี/พร้อมไปเรียนต่อที่ศูนย์แม่ริม,2,0,3.5,4.0,3.5,3.6,4.0
"ไม่เกิน 10,000",เทคโนโลยีสารสนเทศ,ยินดี/พร้อมไปเรียนต่อที่ศูนย์แม่ริม,1,0,4.166666666666667,3.6666666666666665,3.5,2.4,2.8
"10,001-20,000",วิทยาการคอมพิวเตอร์,ไม่สะดวก/ไม่ยินดีในการศึกษาต่อ เนื่องจาก  ไกล เดินทางไม่สะดวก,2,1,4.0,4.0,4.25,3.6,4.0
"30,001 ขึ้นไป",วิทยาการคอมพิวเตอร์,ยินดี/พร้อมไปเรียนต่อที่ศูนย์แม่ริม,4,0,4.166666666666667,4.666666666666667,4.0,3.0,4.2
"10,001-20,000","คหกรรมศาสตร์
(อาหารและโภชนาการ)","ยินดี/พร้อมไปเรียนต่อที่ศูนย์แม่ริม
ข้อเสนอแนะ    อยากให้สถานที่ดูปลอดภัย  ไม่วังเวง",2,0,3.5,4.166666666666667,2.0,2.0,5.0
"ไม่เกิน 10,000","คหกรรมศาสตร์
(อาหารและโภชนาการ)",ยินดี/พร้อมไปเรียนต่อที่ศูนย์แม่ริม,1,0,3.3333333333333335,3.3333333333333335,2.75,2.4,3.2
"10,001-20,000","คหกรรมศาสตร์
(อาหารและโภชนาการ)",ยินดี/พร้อมไปเรียนต่อที่ศูนย์แม่ริม,2,0,3.3333333333333335,3.3333333333333335,3.5,2.8,3.0
"ไม่เกิน 10,000","คหกรรมศาสตร์
(อาหารและโภชนาการ)",ไม่สะดวก/ไม่ยินดีในการศึกษาต่อ เนื่องจาก  ไกล เดินทางไม่สะดวก,1,1,2.5,3.1666666666666665,3.5,2.6,3.0
"ไม่เกิน 10,000","คหกรรมศาสตร์
(อาหารและโภชนาการ)",ยินดี/พร้อมไปเรียนต่อที่ศูนย์แม่ริม,1,0,3.3333333333333335,4.166666666666667,2.75,2.8,2.6
"10,001-20,000","คหกรรมศาสตร์
(การออกแบบแฟชั่นและสิ่งทอ)",ยินดี/พร้อมไปเรียนต่อที่ศูนย์แม่ริม,2,0,3.6666666666666665,3.6666666666666665,3.5,2.8,3.0
"10,001-20,000","คหกรรมศาสตร์
(อาหารและโภชนาการ)",ไม่สะดวก/ไม่ยินดีในการศึกษาต่อ เนื่องจาก  ไกลจากตัวเมือง,2,1,3.3333333333333335,3.5,3.5,2.8,3.2
"10,001-20,000",สาธารณสุขชุมชน,ยินดี/พร้อมไปเรียนต่อที่ศูนย์แม่ริม,2,0,4.333333333333333,4.666666666666667,3.5,3.4,4.0
"10,001-20,000",สาธารณสุขชุมชน,ไม่สะดวก/ไม่ยินดีในการศึกษาต่อ เนื่องจาก  ไกลจากที่พัก,2,1,4.666666666666667,4.333333333333333,4.0,4.4,4.2
"ไม่เกิน 10,000",สาธารณสุขชุมชน,ยินดี/พร้อมไปเรียนต่อที่ศูนย์แม่ริม,1,0,4.0,4.333333333333333,3.25,2.0,4.0
"ไม่เกิน 10,000",สาธารณสุขชุมชน,ไม่สะดวก/ไม่ยินดีในการศึกษาต่อ เนื่องจาก  ไกลจากหอพักปัจจุบัน,1,1,3.6666666666666665,4.0,2.5,1.4,3.0
"ไม่เกิน 10,000",สาธารณสุขชุมชน,ยินดี/พร้อมไปเรียนต่อที่ศูนย์แม่ริม,1,0,3.3333333333333335,3.5,4.75,3.8,3.8
"ไม่เกิน 10,000",สาธารณสุขชุมชน,ยินดี/พร้อมไปเรียนต่อที่ศูนย์แม่ริม,1,0,3.1666666666666665,3.8333333333333335,4.0,1.4,3.0
"ไม่เกิน 10,000",สาธารณสุขชุมชน,ไม่สะดวก/ไม่ยินดีในการศึกษาต่อ เนื่องจาก  ไกล  การเดินทางไม่สะดวก,1,1,5.0,5.0,4.25,3.6,3.8
"10,001-20,000",สาธารณสุขชุมชน,ยินดี/พร้อมไปเรียนต่อที่ศูนย์แม่ริม,2,0,3.0,3.3333333333333335,3.25,1.4,2.0
"10,001-20,000",วิทยาการคอมพิวเตอร์,ยินดี/พร้อมไปเรียนต่อที่ศูนย์แม่ริม,2,0,4.166666666666667,3.8333333333333335,4.0,2.8,3.8
"ไม่เกิน 10,000",สาธารณสุขชุมชน,ยินดี/พร้อมไปเรียนต่อที่ศูนย์แม่ริม,1,0,2.8333333333333335,3.3333333333333335,4.0,2.2,2.4
"ไม่เกิน 10,000",สาธารณสุขชุมชน,ยินดี/พร้อมไปเรียนต่อที่ศูนย์แม่ริม,1,0,4.5,4.333333333333333,4.25,3.6,4.4
"ไม่เกิน 10,000",สาธารณสุขชุมชน,"ยินดี/พร้อมไปเรียนต่อที่ศูนย์แม่ริม
ข้อเสนอแนะ    สามารถพักในเมืองได้  มีรถรับส่งไปยังศูนย์แม่ริม",1,0,4.5,4.166666666666667,4.5,3.4,4.2
"10,001-20,000",สาธารณสุขชุมชน,"ยินดี/พร้อมไปเรียนต่อที่ศูนย์แม่ริม
ข้อเสนอแนะ     มีรถรับส่งจากศูนย์เวียงบัวไปแม่ริม",2,0,4.833333333333333,4.666666666666667,5.0,3.0,2.6
"10,001-20,000",สาธารณสุขชุมชน,"ไม่สะดวก/ไม่ยินดีในการศึกษาต่อ เนื่องจาก  อยู่เลี่ยงเมืองไม่สะดวกต่อการเดินทางและอาจไม่เข้าถึงความสะดวกสบายในด้านต่างๆ 
ข้อเสนอแนะ  ต้องมีสิ่งอำนวยความสะดวกที่ครบครัน เพื่อไม่ให้นักศึกษาขาดสิ่งอำนวยความสะดวก",2,1,4.333333333333333,4.0,3.75,3.0,3.2
"10,001-20,000",สาธารณสุขชุมชน,ยินดี/พร้อมไปเรียนต่อที่ศูนย์แม่ริม,2,0,4.333333333333333,4.833333333333333,4.5,3.6,3.0
"10,001-20,000",สาธารณสุขชุมชน,ยินดี/พร้อมไปเรียนต่อที่ศูนย์แม่ริม,2,0,4.0,4.166666666666667,4.0,4.0,3.8
"10,001-20,000",วิทยาการคอมพิวเตอร์,ยินดี/พร้อมไปเรียนต่อที่ศูนย์แม่ริม,2,0,4.5,4.166666666666667,3.5,3.6,4.0
"30,001 ขึ้นไป",เทคโนโลยีวิศวกรรมก่อสร้าง,"ยินดี/พร้อมไปเรียนต่อที่ศูนย์แม่ริม
ข้อเสนอแนะ  เรียนได้หมดเพราะระยะทางพอๆ กัน",4,0,4.0,4.0,4.0,3.2,4.0
"ไม่เกิน 10,000",เทคโนโลยีวิศวกรรมก่อสร้าง,ไม่สะดวก/ไม่ยินดีในการศึกษาต่อ เนื่องจาก  ไกลบ้าน น้ำมันแพง,1,1,3.0,3.0,3.0,3.0,3.0
"ไม่เกิน 10,000",เทคโนโลยีวิศวกรรมก่อสร้าง,ยินดี/พร้อมไปเรียนต่อที่ศูนย์แม่ริม,1,0,3.6666666666666665,4.666666666666667,4.0,4.0,4.4
"20,001-30,000 ",เทคโนโลยีวิศวกรรมก่อสร้าง,ไม่สะดวก/ไม่ยินดีในการศึกษาต่อ เนื่องจาก ไปทำงานตอนเย็นไม่ทัน,3,1,3.3333333333333335,2.8333333333333335,2.5,2.2,3.0
"10,001-20,000",เทคโนโลยีวิศวกรรมก่อสร้าง,ยินดี/พร้อมไปเรียนต่อที่ศูนย์แม่ริม,2,0,4.0,5.0,3.5,3.4,5.0
"20,001-30,000 ",เทคโนโลยีวิศวกรรมก่อสร้าง,ยินดี/พร้อมไปเรียนต่อที่ศูนย์แม่ริม,3,0,4.0,4.0,3.75,2.2,4.0
"ไม่เกิน 10,000",อาชีวอนามัยและความปลอดภัย,ยินดี/พร้อมไปเรียนต่อที่ศูนย์แม่ริม,1,0,4.166666666666667,5.0,4.0,4.6,5.0
"ไม่เกิน 10,000",อาชีวอนามัยและความปลอดภัย,"ยินดี/พร้อมไปเรียนต่อที่ศูนย์แม่ริม
ข้อเสนอแนะ  อยากให้มีความสะดวกสบายในการเดินทาง",1,0,4.5,4.333333333333333,3.75,3.2,4.0
"ไม่เกิน 10,000",สาธารณสุขชุมชน,,1,1,5.0,4.666666666666667,4.75,3.6,4.6
"10,001-20,000",สาธารณสุขชุมชน,ยินดี/พร้อมไปเรียนต่อที่ศูนย์แม่ริม,2,0,4.166666666666667,4.0,3.5,4.2,3.6
"20,001-30,000 ",วิทยาการคอมพิวเตอร์,ยินดี/พร้อมไปเรียนต่อที่ศูนย์แม่ริม,3,0,4.333333333333333,4.5,4.25,3.2,4.4
"10,001-20,000",เทคโนโลยีวิศวกรรมก่อสร้าง,ยินดี/พร้อมไปเรียนต่อที่ศูนย์แม่ริม,2,0,2.8333333333333335,3.1666666666666665,3.5,3.4,3.0
"10,001-20,000",เทคโนโลยีวิศวกรรมก่อสร้าง,ยินดี/พร้อมไปเรียนต่อที่ศูนย์แม่ริม,2,0,4.0,4.333333333333333,3.5,3.4,3.8
"30,001 ขึ้นไป",เทคโนโลยีวิศวกรรมก่อสร้าง,ยินดี/พร้อมไปเรียนต่อที่ศูนย์แม่ริม,4,0,4.0,3.6666666666666665,3.0,4.2,3.0
"30,001 ขึ้นไป",เทคโนโลยีวิศวกรรมก่อสร้าง,ไม่สะดวก/ไม่ยินดีในการศึกษาต่อ เนื่องจาก  ห่างไกลเมือง,4,1,3.3333333333333335,2.6666666666666665,2.5,1.8,2.6
"10,001-20,000",วิทยาการคอมพิวเตอร์,ไม่สะดวก/ไม่ยินดีในการศึกษาต่อ เนื่องจาก มีความตั้งใจจะเข้าเรียนที่ มช. และไม่สะดวกเมื่อไปแม่ริม,2,1,3.8333333333333335,3.6666666666666665,3.25,3.4,3.4
"30,001 ขึ้นไป",เทคโนโลยีวิศวกรรมก่อสร้าง,ไม่สะดวก/ไม่ยินดีในการศึกษาต่อ เนื่องจาก เดินทางไกล,4,1,3.3333333333333335,2.6666666666666665,3.5,3.4,3.0
"10,001-20,000",เทคโนโลยีวิศวกรรมก่อสร้าง,,2,1,3.3333333333333335,3.1666666666666665,3.75,2.4,3.0
"ไม่เกิน 10,000",เทคโนโลยีวิศวกรรมก่อสร้าง,ยินดี/พร้อมไปเรียนต่อที่ศูนย์แม่ริม,1,0,4.5,3.8333333333333335,3.75,4.0,3.8
"30,001 ขึ้นไป",เทคโนโลยีสารสนเทศ,ยินดี/พร้อมไปเรียนต่อที่ศูนย์แม่ริม,4,0,4.333333333333333,4.666666666666667,4.25,3.6,4.2
"ไม่เกิน 10,000",เทคโนโลยีสารสนเทศ,"ยินดี/พร้อมไปเรียนต่อที่ศูนย์แม่ริม
ข้อเสนอแนะ  ต้องการให้หาหอพักให้นักศึกษา",1,0,3.3333333333333335,4.333333333333333,1.75,2.6,3.6
"ไม่เกิน 10,000",เทคโนโลยีสารสนเทศ,ยินดี/พร้อมไปเรียนต่อที่ศูนย์แม่ริม,1,0,2.6666666666666665,3.0,3.0,2.8,2.4
"ไม่เกิน 10,000",เทคโนโลยีสารสนเทศ,ยินดี/พร้อมไปเรียนต่อที่ศูนย์แม่ริม,1,0,3.6666666666666665,3.5,3.25,3.2,3.4
"20,001-30,000 ",เทคโนโลยีสารสนเทศ,ยินดี/พร้อมไปเรียนต่อที่ศูนย์แม่ริม,3,0,4.166666666666667,3.6666666666666665,3.5,3.4,3.6
"10,001-20,000",เทคโนโลยีสารสนเทศ,ยินดี/พร้อมไปเรียนต่อที่ศูนย์แม่ริม,2,0,3.6666666666666665,4.0,3.5,3.4,4.0
"ไม่เกิน 10,000",เทคโนโลยีสารสนเทศ,"ยินดี/พร้อมไปเรียนต่อที่ศูนย์แม่ริม
ข้อเสนอแนะ ไกล",1,0,3.8333333333333335,3.8333333333333335,3.5,3.8,3.8
"10,001-20,000",เทคโนโลยีสารสนเทศ,ไม่สะดวก/ไม่ยินดีในการศึกษาต่อ เนื่องจาก อยากให้เรียนในตัวเมือง 4 ปีเลย,2,1,2.5,3.3333333333333335,3.0,1.4,2.6
"10,001-20,000",เทคโนโลยีสารสนเทศ,ยินดี/พร้อมไปเรียนต่อที่ศูนย์แม่ริม,2,0,3.3333333333333335,3.3333333333333335,3.0,3.0,3.0
"ไม่เกิน 10,000",สาธารณสุขชุมชน,ยินดี/พร้อมไปเรียนต่อที่ศูนย์แม่ริม,1,0,4.0,3.1666666666666665,4.0,2.4,3.6
"ไม่เกิน 10,000",สาธารณสุขชุมชน,ยินดี/พร้อมไปเรียนต่อที่ศูนย์แม่ริม,1,0,3.5,3.1666666666666665,3.0,1.4,2.8
"ไม่เกิน 10,000",เทคโนโลยีสารสนเทศ,ยินดี/พร้อมไปเรียนต่อที่ศูนย์แม่ริม,1,0,2.3333333333333335,3.3333333333333335,2.25,1.2,2.8
"10,001-20,000",เทคโนโลยีสารสนเทศ,ยินดี/พร้อมไปเรียนต่อที่ศูนย์แม่ริม,2,0,4.333333333333333,3.8333333333333335,3.5,3.6,4.2
"ไม่เกิน 10,000",เทคโนโลยีสารสนเทศ,ยินดี/พร้อมไปเรียนต่อที่ศูนย์แม่ริม,1,0,4.166666666666667,4.166666666666667,3.75,4.0,4.2
"ไม่เกิน 10,000",เทคโนโลยีสารสนเทศ,ยินดี/พร้อมไปเรียนต่อที่ศูนย์แม่ริม,1,0,2.3333333333333335,3.3333333333333335,3.0,2.8,1.4
"ไม่เกิน 10,000",เทคโนโลยีสารสนเทศ,ยินดี/พร้อมไปเรียนต่อที่ศูนย์แม่ริม,1,0,4.166666666666667,4.0,3.75,3.0,3.8
"10,001-20,000",เทคโนโลยีสารสนเทศ,ยินดี/พร้อมไปเรียนต่อที่ศูนย์แม่ริม,2,0,3.6666666666666665,4.0,3.5,3.6,3.4
"ไม่เกิน 10,000",เทคโนโลยีสารสนเทศ,ยินดี/พร้อมไปเรียนต่อที่ศูนย์แม่ริม,1,0,3.8333333333333335,4.333333333333333,3.75,3.4,4.0
"30,001 ขึ้นไป",สาธารณสุขชุมชน,ไม่สะดวก/ไม่ยินดีในการศึกษาต่อ เนื่องจาก ไกล  เดินทางไม่สะดวก,4,1,4.166666666666667,3.5,3.5,3.4,3.0
"10,001-20,000",สาธารณสุขชุมชน,ยินดี/พร้อมไปเรียนต่อที่ศูนย์แม่ริม,2,0,3.8333333333333335,3.6666666666666665,3.25,3.8,3.6
"10,001-20,000",สาธารณสุขชุมชน,ยินดี/พร้อมไปเรียนต่อที่ศูนย์แม่ริม,2,0,4.666666666666667,4.833333333333333,4.25,4.4,4.4
"ไม่เกิน 10,000",สาธารณสุขชุมชน,ยินดี/พร้อมไปเรียนต่อที่ศูนย์แม่ริม,1,0,4.666666666666667,4.666666666666667,3.75,4.6,4.6
"ไม่เกิน 10,000",สาธารณสุขชุมชน,ไม่สะดวก/ไม่ยินดีในการศึกษาต่อ เนื่องจาก ไกลจากหอและลำบากในการเดินทาง,1,1,3.5,4.5,3.25,3.0,3.6
"10,001-20,000",สาธารณสุขชุมชน,ไม่สะดวก/ไม่ยินดีในการศึกษาต่อ เนื่องจาก การเดินทางยุ่งยากมากกว่า,2,1,3.8333333333333335,3.6666666666666665,3.0,3.0,3.8
0,สาธารณสุขชุมชน,ยินดี/พร้อมไปเรียนต่อที่ศูนย์แม่ริม,0,0,3.8333333333333335,4.5,3.0,2.8,3.4
"ไม่เกิน 10,000",สาธารณสุขชุมชน,ยินดี/พร้อมไปเรียนต่อที่ศูนย์แม่ริม,1,0,3.5,3.3333333333333335,3.5,2.6,3.2
"10,001-20,000",สาธารณสุขชุมชน,ไม่สะดวก/ไม่ยินดีในการศึกษาต่อ เนื่องจาก ,2,1,3.6666666666666665,4.0,2.25,1.4,2.6
"10,001-20,000",สาธารณสุขชุมชน,"ยินดี/พร้อมไปเรียนต่อที่ศูนย์แม่ริม
ข้อเสนอแนะ  อยากให้มีพวกอาหารการกิน ข้าวของเครื่องใช้จำหน่ายเยอะๆ",2,0,3.1666666666666665,3.1666666666666665,3.0,2.0,2.4
"10,001-20,000",เทคโนโลยีสารสนเทศ,ยินดี/พร้อมไปเรียนต่อที่ศูนย์แม่ริม,2,0,3.1666666666666665,3.8333333333333335,3.5,2.8,3.8
"10,001-20,000",สาธารณสุขชุมชน,ไม่สะดวก/ไม่ยินดีในการศึกษาต่อ เนื่องจาก  ไกลจากภูมิลำเนา  ไม่สะดวกในการขนย้ายสิ่งของ,2,1,4.5,4.833333333333333,3.25,3.2,3.4
"10,001-20,000",สาธารณสุขชุมชน,ไม่สะดวก/ไม่ยินดีในการศึกษาต่อ เนื่องจาก  เดินทางลำบาก  หาที่อยู่ยาก เข้าในเมืองยาก  เวลามีธุระด่วนต้องใช้ระยะเวลาเดินทางนาน,2,1,3.5,2.3333333333333335,2.75,1.6,2.4
"ไม่เกิน 10,000",สาธารณสุขชุมชน,ไม่สะดวก/ไม่ยินดีในการศึกษาต่อ เนื่องจาก  ,1,1,4.0,4.0,4.0,4.0,4.0
"ไม่เกิน 10,000",สาธารณสุขชุมชน,ไม่สะดวก/ไม่ยินดีในการศึกษาต่อ เนื่องจาก  ไม่มีรถเดินทาง  พื้นที่ในเมืองสะดวกกว่า,1,1,4.333333333333333,4.5,3.75,3.0,4.0
"ไม่เกิน 10,000",สาธารณสุขชุมชน,ไม่สะดวก/ไม่ยินดีในการศึกษาต่อ เนื่องจาก  ไม่อยากหาหอใหม่  พื้นที่ในเมืองสะดวกสบายกว่า,1,1,3.6666666666666665,4.166666666666667,3.75,3.2,2.0
"20,001-30,000 ",สาธารณสุขชุมชน,ยินดี/พร้อมไปเรียนต่อที่ศูนย์แม่ริม,3,0,2.8333333333333335,3.0,1.75,1.8,2.0
"ไม่เกิน 10,000",สาธารณสุขชุมชน,ยินดี/พร้อมไปเรียนต่อที่ศูนย์แม่ริม,1,0,4.0,3.5,3.25,3.6,3.4
"30,001 ขึ้นไป",สาธารณสุขชุมชน,ยินดี/พร้อมไปเรียนต่อที่ศูนย์แม่ริม,4,0,3.8333333333333335,4.666666666666667,3.0,3.4,4.8
"10,001-20,000",สาธารณสุขชุมชน,ยินดี/พร้อมไปเรียนต่อที่ศูนย์แม่ริม,2,0,3.0,4.166666666666667,3.0,2.8,2.8
"ไม่เกิน 10,000","คหกรรมศาสตร์
(อาหารและโภชนาการ)",ยินดี/พร้อมไปเรียนต่อที่ศูนย์แม่ริม,1,0,3.8333333333333335,3.6666666666666665,2.0,1.6,3.0
"10,001-20,000","คหกรรมศาสตร์
(อาหารและโภชนาการ)",ยินดี/พร้อมไปเรียนต่อที่ศูนย์แม่ริม,2,0,4.5,4.5,3.0,2.0,2.2
"ไม่เกิน 10,000","คหกรรมศาสตร์
(อาหารและโภชนาการ)",ไม่สะดวก/ไม่ยินดีในการศึกษาต่อ เนื่องจาก  ไม่สะดวก  อยู่ไกลจากตัวเมือง,1,1,3.5,3.3333333333333335,3.5,2.6,4.8
"ไม่เกิน 10,000","คหกรรมศาสตร์
(อาหารและโภชนาการ)","ยินดี/พร้อมไปเรียนต่อที่ศูนย์แม่ริม
ข้อเสนอแนะ  ไกลจากตัวเมือง ค่อนข้างเดินทางลำบาก",1,0,3.8333333333333335,4.0,2.75,2.8,4.0
"10,001-20,000","คหกรรมศาสตร์
(อาหารและโภชนาการ)",ยินดี/พร้อมไปเรียนต่อที่ศูนย์แม่ริม,2,0,2.6666666666666665,4.5,2.0,1.8,4.2
"ไม่เกิน 10,000","คหกรรมศาสตร์
(อาหารและโภชนาการ)",ยินดี/พร้อมไปเรียนต่อที่ศูนย์แม่ริม,1,0,4.166666666666667,4.0,4.0,4.6,4.2
"10,001-20,000",วิทยาการคอมพิวเตอร์,ยินดี/พร้อมไปเรียนต่อที่ศูนย์แม่ริม,2,0,4.333333333333333,4.0,1.5,2.6,1.4
"10,001-20,000",ชีววิทยา,ยินดี/พร้อมไปเรียนต่อที่ศูนย์แม่ริม,2,0,5.0,5.0,5.0,5.0,5.0
"ไม่เกิน 10,000",สาธารณสุขชุมชน,"ยินดี/พร้อมไปเรียนต่อที่ศูนย์แม่ริม
ข้อเสนอแนะ  อยากให้มีรถที่สามารถเดินทางปังในเมืองได้สะดวกและอยากให้ที่ศูนย์แม่ริมมีสิ่งอำนวยความสะดวกที่ครบ",1,0,4.666666666666667,4.166666666666667,3.25,3.4,5.0
"10,001-20,000",สาธารณสุขชุมชน,"ไม่สะดวก/ไม่ยินดีในการศึกษาต่อ เนื่องจาก  มันไกลจากที่พักมาก
ข้อเสนอแนะ  เสนอว่าไม่อยากให้ไปที่แม่ริมเพราะมันไกลจากที่อยู่มาก",2,1,4.166666666666667,4.666666666666667,4.0,4.6,4.8
"30,001 ขึ้นไป",สาธารณสุขชุมชน,ยินดี/พร้อมไปเรียนต่อที่ศูนย์แม่ริม,4,0,4.0,4.5,3.5,2.8,4.6
"10,001-20,000",สาธารณสุขชุมชน,ยินดี/พร้อมไปเรียนต่อที่ศูนย์แม่ริม,2,0,4.0,4.666666666666667,4.25,2.0,2.8
"10,001-20,000",สาธารณสุขชุมชน,ยินดี/พร้อมไปเรียนต่อที่ศูนย์แม่ริม,2,0,4.0,4.166666666666667,4.25,3.6,4.0
"30,001 ขึ้นไป",ออกแบบผลิตภัณฑ์,ยินดี/พร้อมไปเรียนต่อที่ศูนย์แม่ริม,4,0,3.8333333333333335,4.166666666666667,2.5,3.4,3.2
"10,001-20,000",คณิตศาสตร์,ยินดี/พร้อมไปเรียนต่อที่ศูนย์แม่ริม,2,0,4.0,3.8333333333333335,3.5,4.0,4.2
"ไม่เกิน 10,000",คณิตศาสตร์,ยินดี/พร้อมไปเรียนต่อที่ศูนย์แม่ริม,1,0,3.5,3.6666666666666665,2.75,1.6,2.8
"10,001-20,000",คณิตศาสตร์,,2,1,4.833333333333333,4.333333333333333,5.0,3.2,5.0
"10,001-20,000","คหกรรมศาสตร์
(อาหารและโภชนาการ)",ไม่สะดวก/ไม่ยินดีในการศึกษาต่อ เนื่องจาก  ไม่อยากย้ายหอ ห้องอยู่ชั้น 4 ของเยอะเกิน,2,1,4.666666666666667,5.0,4.5,4.8,4.8
"ไม่เกิน 10,000","คหกรรมศาสตร์
(อาหารและโภชนาการ)",ยินดี/พร้อมไปเรียนต่อที่ศูนย์แม่ริม,1,0,4.333333333333333,4.833333333333333,4.0,2.6,4.0
"10,001-20,000","คหกรรมศาสตร์
(อาหารและโภชนาการ)",ยินดี/พร้อมไปเรียนต่อที่ศูนย์แม่ริม,2,0,3.3333333333333335,3.8333333333333335,3.75,3.0,3.4
"10,001-20,000","คหกรรมศาสตร์
(อาหารและโภชนาการ)",ไม่สะดวก/ไม่ยินดีในการศึกษาต่อ เนื่องจาก  ไม่อยากย้ายหอ ของเยอะ,2,1,4.0,3.5,3.25,3.8,3.4
"10,001-20,000","คหกรรมศาสตร์
(อาหารและโภชนาการ)",ไม่สะดวก/ไม่ยินดีในการศึกษาต่อ เนื่องจาก  ไกลจากบ้าน,2,1,3.5,3.3333333333333335,3.0,2.0,3.4
"30,001 ขึ้นไป","คหกรรมศาสตร์
(อาหารและโภชนาการ)",ยินดี/พร้อมไปเรียนต่อที่ศูนย์แม่ริม,4,0,3.1666666666666665,4.0,2.5,2.6,1.6
"ไม่เกิน 10,000","คหกรรมศาสตร์
(อาหารและโภชนาการ)",ไม่สะดวก/ไม่ยินดีในการศึกษาต่อ เนื่องจาก  หาหอยาก  ไกลบ้าน  ค่าหอแพง,1,1,3.6666666666666665,4.0,3.25,3.0,3.4
"10,001-20,000",เทคโนโลยีเว็บ,ไม่สะดวก/ไม่ยินดีในการศึกษาต่อ เนื่องจาก  ไกลเกินไป เป็นพื้นที่ใหญ่เกิน,2,1,3.3333333333333335,4.333333333333333,1.5,2.4,3.8
"10,001-20,000",เทคโนโลยีเว็บ,ไม่สะดวก/ไม่ยินดีในการศึกษาต่อ เนื่องจาก  ,2,1,4.333333333333333,3.6666666666666665,2.75,2.2,3.0
"10,001-20,000","คหกรรมศาสตร์
(อาหารและโภชนาการ)",ไม่สะดวก/ไม่ยินดีในการศึกษาต่อ เนื่องจาก  เดินทางไกลเกินไป  ค่าน้ำมันแพง  ไม่สะดวกไปอยู่หอ,2,1,3.5,3.8333333333333335,2.0,2.2,3.6
"ไม่เกิน 10,000",ชีววิทยา,ยินดี/พร้อมไปเรียนต่อที่ศูนย์แม่ริม,1,0,3.3333333333333335,3.3333333333333335,3.0,2.6,3.4
"ไม่เกิน 10,000",สาธารณสุขชุมชน,ไม่สะดวก/ไม่ยินดีในการศึกษาต่อ เนื่องจาก  ไม่สะดวกต่อการย้ายและหาหอพัก,1,1,3.5,3.5,4.0,3.4,4.6
"ไม่เกิน 10,000",สาธารณสุขชุมชน,ไม่สะดวก/ไม่ยินดีในการศึกษาต่อ เนื่องจาก  ต้องเดินทางไกล,1,1,4.333333333333333,4.5,4.0,3.2,4.4
"ไม่เกิน 10,000",สาธารณสุขชุมชน,ไม่สะดวก/ไม่ยินดีในการศึกษาต่อ เนื่องจาก  ต้องเดินทางไปเรียน,1,1,3.8333333333333335,3.5,3.5,3.8,3.2
"ไม่เกิน 10,000",เทคโนโลยีสารสนเทศ,ยินดี/พร้อมไปเรียนต่อที่ศูนย์แม่ริม,1,0,3.5,3.6666666666666665,3.75,2.0,4.0
"10,001-20,000",เทคโนโลยีสารสนเทศ,ยินดี/พร้อมไปเรียนต่อที่ศูนย์แม่ริม,2,0,4.333333333333333,4.333333333333333,3.75,3.4,3.4
"ไม่เกิน 10,000",เทคโนโลยีวิศวกรรมก่อสร้าง,ยินดี/พร้อมไปเรียนต่อที่ศูนย์แม่ริม,1,0,4.0,4.333333333333333,3.75,3.8,4.4
"10,001-20,000","คหกรรมศาสตร์
(อาหารและโภชนาการ)",ยินดี/พร้อมไปเรียนต่อที่ศูนย์แม่ริม,2,0,3.0,3.5,3.5,4.0,4.8
"ไม่เกิน 10,000","คหกรรมศาสตร์
(อาหารและโภชนาการ)",ยินดี/พร้อมไปเรียนต่อที่ศูนย์แม่ริม,1,0,4.0,4.0,4.0,4.0,4.0
"20,001-30,000 ","คหกรรมศาสตร์
(อาหารและโภชนาการ)",ยินดี/พร้อมไปเรียนต่อที่ศูนย์แม่ริม,3,0,3.8333333333333335,3.0,3.25,3.0,3.0
